Date,Close,High,Low,Open,Volume,MA7,MA21,Daily_Return,Volatility,Price_Range,Momentum,RSI,Target
2020-01-29,662.0155029296875,668.5244541677285,654.9472866809749,659.4208095162297,24746565,675.7460327148438,682.5106433686756,0.5503707069179908,0.9328051865259241,13.577167486753638,-19.6834716796875,33.11032469363644,0
2020-01-30,645.8660888671875,661.9484232186644,644.1885326054595,661.6352849574768,22402689,669.9847760881696,681.1078781854538,-2.4394314016865537,1.135354443925076,17.759890613204902,-42.1181640625,28.126380516825293,0
2020-01-31,631.506103515625,650.1160022926447,629.5154088076667,650.0041373264569,34750310,662.2072230747768,678.4738246372768,-2.2233688374550087,1.1724466088139236,20.600593484977935,-75.75921630859375,25.145937528568624,0
2020-02-03,619.8077392578125,626.2720164126083,609.7646795449248,612.8290505582687,30712290,653.1738891601562,675.2432977585565,-1.8524546623836513,1.1452633837091144,16.507336867683534,-65.69378662109375,24.072101057906323,1
2020-02-04,638.1044311523438,640.8332667548419,625.310139999637,626.2942886767648,25383901,647.0930873325893,673.6434791201636,2.95199474540937,1.9985407897100587,15.523126755204885,-48.0904541015625,34.42546167382247,1
2020-02-05,647.9909057617188,649.9145288544571,639.849132797698,641.9068982608502,18472100,643.3832397460938,672.0223533993676,1.5493505650040929,2.200190865808743,10.065396056759141,-37.95806884765625,36.07044506906201,1
2020-02-06,652.1513671875,656.267018049872,644.2332634474068,650.496207815146,15538577,642.4917340959821,670.84326171875,0.6420555271359207,2.084037795790069,12.033754602465251,-30.88970947265625,28.54404901246555,0
2020-02-07,641.3477783203125,649.7132815022266,638.9544179355763,649.109342186217,12209212,639.5392020089286,668.4073166620163,-1.656607562409873,2.1325611051863804,10.758863566650234,-39.322265625,31.207159108208046,1
2020-02-10,642.2200927734375,646.6488813487252,630.9691553464403,638.8201869242226,15142476,639.0183454241071,666.0203683035714,0.1360127036550418,1.9423131804575517,15.679726002284951,-31.73974609375,31.31179509047587,1
2020-02-11,649.8922729492188,655.9091502920886,646.4476326193693,647.4989123607826,13999816,641.6449410574777,664.0829060872396,1.19463409228584,1.7268808821750523,9.46151767271931,-8.4996337890625,35.58655998376041,1
2020-02-12,657.7432250976562,659.778713137917,650.8987390375679,651.4132102672503,13533565,647.0642961774554,662.8239193870908,1.2080390051123047,1.4136079179520278,8.879974100349045,-4.27227783203125,40.27179270525278,1
2020-02-13,659.465576171875,661.076061195236,654.2986456938107,661.076061195236,13565659,650.1158883231027,661.7651861281622,0.26185766853972225,1.0755954673706434,6.777415501425253,13.5994873046875,41.80500568012409,1
2020-02-14,665.4824829101562,671.6782959370149,650.0487633667867,660.8523610746443,21227841,652.6146850585938,660.6936732700893,0.912391329538198,0.9935154953942974,21.629532570228207,33.97637939453125,46.70606309404723,0
2020-02-17,661.2998046875,673.7809604834371,659.5327802045254,666.1088634101769,13149130,653.9216047014509,658.5048392159598,-0.6285181548829621,1.0531053493457159,14.248180278911718,41.4920654296875,51.23955589019953,0
2020-02-18,656.4458618164062,660.248373884015,651.9723392868693,660.248373884015,11127161,656.0784737723214,657.1212361653646,-0.7340003485087232,0.8114410184211593,8.276034597145667,18.3414306640625,47.65046203915167,1
2020-02-19,672.7295532226562,673.9150349477495,659.8905275306022,661.7917537765035,14084409,660.4369681222098,656.4800298781622,2.480584059314883,1.1347274327920398,14.024507417147333,24.7386474609375,61.31945569623508,0
2020-02-20,664.7443237304688,674.6084467350322,663.7825121618259,669.687583672214,16892268,662.5586896623884,655.4702845982143,-1.1869895493567872,1.2969127958225104,10.825934573206268,12.59295654296875,64.80071925122209,0
2020-02-24,646.40283203125,660.7404777544862,643.9871345353313,657.4971707893623,21370214,660.9386335100446,653.7256062825521,-2.759179889839214,1.664300958971177,16.753343219154885,5.0550537109375,61.18108401606953,0
2020-02-25,633.6309204101562,649.2882495489266,630.7678229370605,649.2882495489266,27745062,657.2479684012277,651.4856480189732,-1.9758440075145378,1.7645615729683057,18.520426611866128,-8.58917236328125,48.02762519550445,0
2020-02-26,622.7154541015625,631.8190982347916,620.6352917833475,630.7678186366056,29362748,651.1383928571429,649.0454392206101,-1.7226852347306587,1.6780660265256195,11.18380645144407,-27.17681884765625,38.956238635896945,0
2020-02-27,620.1432495117188,623.5207586374837,612.4263599498594,620.9260652375485,25054993,645.2588849748884,647.2240745907739,-0.4130625910922392,1.6865229935424744,11.094398687624334,-37.5999755859375,35.81765107085427,0
2020-02-28,594.3756103515625,607.0580958283585,592.7427884250544,606.1186214911856,39315769,636.3917061941964,644.0031273251489,-4.155110803906171,2.079720500112261,14.315307403304132,-65.0899658203125,31.62407080727901,0
2020-03-02,588.78369140625,612.4262510838603,582.0510115058373,606.2080423411206,29500495,624.3994402204241,641.284917922247,-0.9408055862192954,1.2581249103890404,30.375239578022956,-76.69879150390625,29.839666419201336,1
2020-03-03,600.7280883789062,605.6713484615526,591.4007735026032,594.8454135797672,27398798,615.2542637416294,639.8192981538318,2.028656219082481,1.9498544473341237,14.270574958949396,-60.57171630859375,32.03073691499387,0
2020-03-04,599.3189086914062,605.6265863851147,585.0930684252744,604.8213738082619,22105261,608.5279889787946,638.8436395554315,-0.23457862463244217,1.893474746577695,20.53351795984031,-57.126953125,27.590993921721207,0
2020-03-05,586.5470581054688,607.4831839260905,584.2431656944867,604.9108873026663,30510390,601.8017229352679,636.3885265531994,-2.1310608426863165,1.9068617482749082,23.240018231603813,-86.1824951171875,24.21706835655681,0
2020-03-06,568.585693359375,576.2578480858582,555.2098603549766,568.1383530699313,33734039,594.0688999720982,632.6073259626116,-3.062220583649078,2.044229214011907,21.047987730881573,-96.15863037109375,18.407265968434274,0
2020-03-09,498.41845703125,555.1651920392663,489.8516505743549,554.7401888514859,88187018,576.6796439034598,625.2867111932663,-12.340661600814451,4.591886588348008,65.31354146491145,-147.984375,12.869703191150109,1
2020-03-11,516.044189453125,527.183262933386,495.6672390040311,495.6672390040311,59578576,565.4894409179688,619.3198736281622,3.536332207049453,5.149269022693111,31.5160239293549,-117.58673095703125,19.755269625986003,0
2020-03-12,475.5363464355469,492.5357574215292,469.13920029845366,485.3781326945414,55970485,549.3112487792969,611.382552373977,-7.8496849389014685,5.583559956582585,23.396557123075524,-147.17910766601562,11.535805255886189,1
2020-03-13,494.4593505859375,509.982477758339,421.5855519763993,446.45836059532905,73297403,534.1300005231585,603.9809846423921,3.979297122550318,5.907746583390096,88.39692578193967,-125.68389892578125,18.14379036906378,0
2020-03-16,454.3765563964844,483.00714524632815,449.5898653118392,474.4403385952524,38482258,513.4239501953125,594.296857561384,-8.106388147368381,6.130535930662539,33.41727993448893,-139.99905395507812,16.77890277278705,0
2020-03-17,450.9319152832031,474.1942690006391,448.78462201274766,468.49050072051966,45445979,494.0503583635603,584.366683233352,-0.758102737649935,6.210929969009474,25.40964698789145,-137.85177612304688,17.338465182869058,0
2020-03-18,433.261474609375,463.4130789981454,429.9063325319352,458.6711221665263,44730415,474.7183271135603,573.3085399809338,-3.918649373648875,6.208970962913238,33.50674646621019,-167.46661376953125,16.929580994140892,0
2020-03-19,410.5359191894531,432.59042415453,399.1284125023437,411.6095658236809,61404010,462.16367885044644,561.3674025762649,-5.245228747931274,5.015743779533502,33.462011652186334,-188.78298950195312,15.816746975227787,1
2020-03-20,455.3830871582031,462.9657149231966,416.0383696644293,420.2882223245293,63360475,453.49780709402904,551.792984735398,10.924054600945654,6.9370684950913954,46.927345258767275,-131.16397094726562,28.660731880719183,0
2020-03-23,395.4825134277344,424.9854448385333,391.7247351423912,409.8648934921591,40670949,442.0615452357701,538.5907447451636,-13.153886347487232,7.952918306988465,33.2607096961421,-173.10317993164062,24.564414974472825,1
2020-03-24,422.0329284667969,433.9325104811008,400.73893016882965,416.0383884925765,45734887,431.7149135044643,527.0330592564175,6.713423258324158,8.370359599889769,33.19358031227114,-76.38552856445312,27.356730196391254,1
2020-03-25,484.14788818359375,515.1494403179707,430.9128936371874,431.15893082862937,73130298,435.9679609026228,519.30663335891,14.718036325377337,9.875825744410054,84.23654668078336,-31.89630126953125,37.35200475096956,0
2020-03-26,476.9678649902344,499.6486775382283,466.2984990986507,490.2095274623136,45744488,439.68738228934154,511.8464878627232,-1.4830227227257131,9.905075880320098,33.350178439577576,1.4315185546875,37.8164591644568,0
2020-03-27,476.699462890625,495.3540929516579,468.0208212280606,489.8516573515531,41657940,445.89280918666293,504.89334542410717,-0.056272575011917514,9.675905946710966,27.333271723597306,-17.7598876953125,39.3652359865002,0
2020-03-30,460.97503662109375,480.81514997134894,456.3002101742368,465.51569081571824,30229866,453.098397391183,497.31390671502976,-3.2986037312022543,9.466254403779658,24.514939797112163,6.598480224609375,45.04147321364343,1
2020-03-31,498.2395324707031,505.41952430798887,468.8260681247117,480.4348787671312,44292810,459.2207467215402,492.73599824451264,8.083842483696046,9.075397004753924,36.59345618327717,47.3076171875,47.758755739744714,0
2020-04-01,483.3426513671875,503.093264271414,467.5734569491014,502.0419846435416,41597459,471.7721949986049,487.7149963378906,-2.9899034766759702,6.854067736143542,35.5198073223126,50.0811767578125,51.05038153770598,0
2020-04-03,482.0005493164063,507.4996933138572,472.5390330846229,507.4996933138572,41367807,480.3389979771205,482.0613040015811,-0.2776709332364735,6.748013679308682,34.96066022923435,71.46463012695318,48.24034632225701,1
2020-04-07,539.5526123046875,543.086660841312,492.088426868368,493.0278714782651,54373624,488.2539585658482,479.21528988792784,11.94024842293313,5.912199623345492,50.99823397294398,84.16952514648438,61.46435387896237,0
2020-04-08,533.3120727539062,549.7970746164123,518.9296902800911,527.8767374297419,49880330,496.3031311035156,476.68029058547245,-1.1566137218991357,5.884106813493822,30.86738433632115,137.82955932617188,61.005208350744915,1
2020-04-09,545.7484130859375,551.4968858405396,533.6922622821191,543.0866484415843,33032857,506.1672668457031,475.5928010486421,2.3319067704229424,5.830964684936261,17.804623558420417,123.71548461914062,65.24031756994557,0
2020-04-13,531.9699096679688,543.5339847346166,527.8765966727111,538.5907251822866,23673784,516.3093915666852,477.1904892694382,-2.5246987600125337,5.7179981824597945,15.657388061905522,47.822021484375,66.86129382596357,0
2020-04-15,514.3889770507812,552.928454098454,511.32460598764607,535.5040393591676,35321842,518.616455078125,477.1116696312314,-3.3048735083833436,5.375115631723849,41.603848110807974,37.421112060546875,58.86425100596496,1
2020-04-16,522.53076171875,531.2094028193618,512.2192985890305,514.3889290016788,37455706,524.2147565569196,479.34949893043154,1.5828069867766636,5.1426303061744845,18.990104230331326,45.831298828125,72.60066949955176,1
2020-04-17,547.5601806640625,550.2443422338717,533.5356723756136,543.9813981126731,33269335,533.5804181780134,481.87810988653274,4.790037406215797,5.251019294906283,16.70866985825819,86.58514404296875,72.45159368288651,1
2020-04-20,556.4177856445312,562.3227974116861,537.7184224485133,548.4548889228998,36030932,535.989728655134,486.73721604120163,1.6176495832342264,2.9025367273455114,24.60437496317286,58.178253173828125,65.96817665800967,0
2020-04-21,553.5323486328125,560.0860337092978,520.7190100428373,541.2972025264376,61371628,538.8783394949777,491.6229509626116,-0.5185738281849428,2.8522839241346767,39.367023666460454,70.189697265625,67.24433604084207,1
2020-04-22,610.0106201171875,619.5392672425052,581.5590002828025,590.506045286382,142683366,548.0586547851562,500.0395769391741,10.203246770287677,4.649238970550497,37.9802669597027,128.0100708007812,73.95883175123016,1
2020-04-23,613.2764282226562,619.964375961398,605.4029986108286,611.6883400063555,65464502,559.6738717215402,509.69388689313615,0.5353690571553216,4.318770544404919,14.561377350569387,73.72381591796875,78.65499278717684,1
2020-04-24,633.8993530273438,668.7705176942633,602.6741016877038,603.9937855419026,134986308,576.7467825753348,518.1946614583334,3.362745387826993,3.5951293006097895,66.09641600655948,100.5872802734375,77.22905070091836,1
2020-04-27,639.6031494140625,659.8458688421625,636.5835122845931,641.5043758770541,58482901,593.4714093889509,529.8194536481585,0.8997952686777166,3.65142397144516,23.262356557569433,93.854736328125,82.56573256781869,0
2020-04-28,638.8873901367188,651.1000807620374,622.7826591494636,648.6620459031445,78453401,606.5181535993304,540.1458565848214,-0.11190677813257555,3.7168693400871464,28.317421612573753,106.91748046875,82.78184952279216,0
2020-04-29,638.3505249023438,650.2948710877204,635.2414197546999,646.3805532770238,37494672,618.2228306361607,547.4888392857143,-0.08403127728974225,3.8218830366027507,15.053451333020462,123.9615478515625,77.10148450781666,1
2020-04-30,655.8196411132812,668.770532341543,643.3161499559969,650.4290406318744,71345899,632.8353009905134,556.0055905296689,2.736602466741922,3.6528476531673704,25.45438238554607,133.28887939453125,81.65528305112439,0
2020-05-04,642.0411987304688,655.3722993617022,634.100638844068,644.1884921115068,53456868,637.4110979352679,563.8790065220425,-2.100949944015551,1.8442667041159115,21.271660517634132,94.48101806640625,74.71014163613782,1
2020-05-05,653.4262084960938,661.6351717003255,647.4093321949724,650.3171635725639,44903763,643.1467808314732,573.0433480398996,1.773252213119192,1.879466501471608,14.225839505353065,97.0084228515625,81.5550946364236,1
2020-05-06,653.4710083007812,664.2969422025669,646.6488596777011,654.9248941405343,40489094,645.9427315848214,580.4353230794271,0.0068561383221199534,1.5538329977729743,17.6480825248658,99.93865966796875,89.75702489489875,1
2020-05-07,674.1387329101562,677.1360326646604,646.4252520396666,650.8987749292127,50026966,650.8763863699777,589.5208507719494,3.16276075707127,1.867761921429311,30.710780624993845,64.12811279296875,90.44152244537912,1
2020-05-08,698.6761474609375,706.7731874423821,687.6264818225529,691.1605902433332,84262770,659.4176374162946,599.8387363978794,3.639816754758618,2.097080128581294,19.146705619829163,85.39971923828125,90.41636684892973,1
2020-05-11,705.3863525390625,722.475230772329,703.3732613494101,706.817841580586,67085063,668.9941842215402,607.7355811709449,0.960417083438525,2.017431029320876,19.101969422918955,71.48699951171875,90.30500474108335,0
2020-05-12,661.7470703125,701.6062908611085,655.372320874391,700.0181429966896,100683202,669.8409598214286,613.8515334356399,-6.186578754959093,3.410296439656897,46.23396998671751,22.1439208984375,73.98849952645108,1
2020-05-13,675.7871704101562,689.5833490177412,656.6169951579172,689.5833490177412,66430125,674.6618129185268,620.0438552129837,2.121671666944591,3.311751991580168,32.966353859823926,36.8997802734375,67.9602278920056,0
2020-05-14,648.4657592773438,675.9000855316069,645.8013667337839,663.3909205122524,49266771,673.9531773158482,625.5912766229538,-4.042901719520698,3.7255369800874374,30.09871879782304,10.115234375,58.49274670626223,1
2020-05-15,659.0557250976562,662.352366946693,639.0501134333077,652.1011647623593,62152260,674.750994001116,632.4801693870908,1.6330801848526422,3.779856374218534,23.302253513385267,3.236083984375,56.38033523842549,0
2020-05-18,650.6334838867188,669.2617172227509,644.8756934578628,663.8426273750064,62796089,671.3931012834821,638.5802990141369,-1.277925506176203,3.5630355513424474,24.386023764888137,8.59228515625,52.75953823493752,0
2020-05-19,636.2501220703125,660.0943173105137,633.6986696085636,657.9718098763932,42315854,662.47509765625,642.8036295572916,-2.210670396254999,3.0997554923530735,26.39564770195011,-17.17608642578125,49.382447849865464,1
2020-05-20,647.4496459960938,653.3881033587526,629.0697531498768,636.7468651669092,55320985,654.1984252929688,647.1384800502232,1.760239179104417,3.2091771415426034,24.318350208875813,-6.0213623046875,52.02934519178047,1
2020-05-21,650.8592529296875,659.981412669229,643.5208404585119,648.0367682176926,39167981,652.6430228097098,651.7730945405506,0.5266211750487804,2.3484859140648906,16.460572210717146,-23.27947998046875,48.81968074986457,0
2020-05-22,646.4788208007812,658.4234659784153,644.1982807272651,655.6236168765307,37828973,648.4561157226562,653.5096755254837,-0.6730229476171301,2.1110177686085914,14.225185251150151,-52.19732666015625,51.10536497142708,0
2020-05-26,643.091796875,654.6751640177939,639.5919112653286,653.9751868958597,33216635,647.6884068080357,654.929454985119,-0.5239187761148623,1.4836102679763443,15.083252752465341,-62.2945556640625,47.31898361454192,1
2020-05-27,652.8010864257812,656.61703698639,637.6501047337907,646.2303793438942,35667956,646.7948869977679,655.8295375279018,1.50978283317591,1.4600198523855543,18.966932252599236,-8.94598388671875,49.83450348935882,1
2020-05-28,664.858642578125,668.2455885276171,654.3591041621977,657.0686489767882,40126278,648.8270525251116,657.0321800595239,1.8470490327093803,1.5257253507753512,13.886484365419392,-10.92852783203125,47.60560035502217,0
2020-05-29,661.3136596679688,664.7457577060809,656.007450356248,662.9393746004914,40022527,652.4075578962054,658.10009765625,-0.5331934764974733,1.146775364892257,8.738307349832894,12.847900390625,39.18878107346578,1
2020-06-01,686.580322265625,694.7090163146383,666.5295595380629,668.3585186853417,39943702,657.9976545061384,660.3967546735491,3.8206775602279475,1.657272499893653,28.17945677657542,27.52459716796875,45.08599720200491,1
2020-06-02,693.5122680664062,695.454167278361,686.7835281692161,689.1318561237848,22153960,664.0909423828125,662.1916416713169,1.0096336256633087,1.6514428890389157,8.670639109144872,42.8787841796875,60.27041992920204,1
2020-06-03,696.19921875,704.4859445214847,692.4509368094127,697.712053268636,25381289,671.1938563755581,664.7705950055804,0.38744097362333196,1.5244491178490098,12.035007712072002,59.9490966796875,57.12258788360759,1
2020-06-04,713.4275512695312,717.8080227909754,695.9057249087699,697.2604674305974,34202350,681.2418212890625,667.6278018043155,2.4746268101915048,1.4182187374141573,21.902297882205517,65.9779052734375,74.38544590741753,1
2020-06-05,714.2855224609375,730.6783659768879,710.6727564801458,720.291708575871,33076685,690.0253121512277,670.5237310500372,0.12026045109689854,1.5111908218427423,20.005609496742068,63.42626953125,72.36642089313918,0
2020-06-08,708.7760620117188,730.8590266524802,706.7439184964705,730.8590266524802,31414953,696.2992292131696,672.1731276739212,-0.7713246700334797,1.6700159164293291,24.115108156009683,62.2972412109375,74.1149243953093,0
2020-06-09,694.1670532226562,714.8726404733965,692.29294201313,704.6214390965813,25857161,700.9925711495536,671.9584089006696,-2.061160015421193,1.966616210292063,22.579698460266513,51.07525634765625,73.97645791294795,1
2020-06-10,709.9728393554688,713.3146329578219,695.4766830422209,696.8540015463917,22132647,704.3343593052456,672.1768130347842,2.2769427127713016,1.6149563506464104,17.83794991560103,57.1717529296875,74.9324833471904,0
2020-06-11,694.4154663085938,708.0761301554923,691.3897970340737,707.1955445300772,20385805,704.4633876255581,673.7324509393601,-2.1912631278963257,1.8757154658515713,16.686333121418556,29.55682373046875,65.83484849358973,1
2020-06-12,717.4918823242188,719.3885695925972,676.0355556331963,677.3903578499011,38548899,707.5051967075893,675.7183896019345,3.3231425760569033,2.257368488476031,43.35301395940087,56.17822265625,72.72726917565356,1
2020-06-15,729.1204223632812,734.7201801016447,704.9827364804711,706.7439674657269,53107403,709.7470354352679,679.559087844122,1.6207207810342572,2.150455826746296,29.73744362117361,42.54010009765625,76.15324411312508,1
2020-06-16,730.5429077148438,744.474543171046,715.9112353938917,741.9682427707079,51187003,712.0695190429688,682.9632393973214,0.1950960784985023,2.1494190466120027,28.56330777715425,37.0306396484375,74.88797964758433,0
2020-06-17,729.481689453125,738.5586972066078,723.4980791176175,726.2753520321108,41782053,715.0274658203125,686.7179158528646,-0.14526433020043417,2.108011906906309,15.060618088990282,33.282470703125,72.25508734434025,1
2020-06-18,747.7937622070312,751.9032611106536,725.0786081018418,725.7108570793259,40471557,722.6884242466518,692.0295177641369,2.5102854559152066,1.905597908304575,26.824653008811765,34.3662109375,77.03276617989918,1
2020-06-19,794.5338134765625,807.810625482609,750.5486065093829,754.1613131856782,105804173,734.7685634068081,699.0335257393973,6.250393307853108,2.732488801531456,57.26201897322608,80.248291015625,79.7511194243249,0
2020-06-22,788.5501098632812,814.7650899304879,783.5148135515716,800.8560305108304,60198705,748.2163696289062,705.5902332124256,-0.753108742735431,2.433027694570025,31.250276378916283,79.7740478515625,76.3292812178937,0
2020-06-23,777.1474609375,796.4982481167505,774.9798010448966,790.288816914505,37962078,756.7385951450893,711.8125494094122,-1.4460271811715608,2.6150831951715956,21.51844707185387,82.98040771484375,71.39279921232917,1
2020-06-24,780.285888671875,800.5398941664224,772.9926883895107,783.9212306484618,51586221,764.0479474748884,718.3456013997396,0.403839411710738,2.621033713688446,27.54720577691171,70.31304931640625,69.09090972465974,0
2020-06-25,775.7925415039062,789.8371168459703,773.6023058840819,779.9020403666149,39679374,770.5121808733259,724.2023373558408,-0.5758590836003608,2.6762165104302027,16.234810961888343,81.3770751953125,67.20567119175956,1
2020-06-26,786.5179443359375,791.191964274281,775.3861571652835,780.7150021666101,30921913,778.6602172851562,729.9956374395462,1.3825091449370719,2.6395686556031754,15.805807108997442,69.02606201171875,71.13050910385499,0
2020-06-29,778.1635131835938,785.6599583746296,774.7314151012546,780.3763250508288,25621946,782.9987531389509,735.5599161783854,-1.0622047739034635,2.668971207301189,10.928543273374999,49.0430908203125,73.63409111829496,0
2020-06-30,769.5606079101562,786.2243641857787,765.6994455798191,784.418040909027,30276420,779.43115234375,739.5113583519345,-1.1055395334897744,0.9992862454743144,20.524918605959556,39.0177001953125,67.47451901873521,1
2020-07-01,784.6889038085938,789.8370801059237,771.3443062214384,776.7408788298266,28464103,778.8795514787946,743.8531029110864,1.965835535620819,1.3344596305660443,18.49277388448536,55.20721435546875,76.54009114184262,1
2020-07-02,798.19775390625,801.4851428535685,786.7259244633,790.3307243392775,28789533,781.886736188616,748.7101760137649,1.7215548776195577,1.3241338633149373,14.75921839026853,50.40399169921875,75.14164319414863,1
2020-07-03,810.6897583007812,813.0023064997346,801.6664846343106,807.0169546549783,29434266,786.2301461356027,753.3417096819196,1.565026252378865,1.3968900568805396,11.335821865424009,16.15594482421875,75.274659602136,1
2020-07-06,839.6640014648438,842.4752438841282,812.5941218966552,818.4434059167284,47016185,795.3546404157366,759.3121134440104,3.574023585149644,1.68699722051076,29.881121987472966,51.1138916015625,78.88060516421095,0
2020-07-07,826.8092651367188,845.3546275122593,819.032966945957,843.3822180562978,35189589,801.1105433872768,764.9327421642486,-1.530938125928838,1.9574306727947142,26.321660566302285,49.66180419921875,74.24568588675945,0
2020-07-08,815.2694702148438,832.0237061429656,811.6420023700266,827.0813186844387,26204095,806.411394391741,770.6995239257812,-1.3957021780551582,2.011700120072976,20.381703772938977,34.98358154296875,67.39613040968763,1
2020-07-09,827.1719970703125,832.0463807901345,809.9416146203339,820.257200151335,36418942,814.6415928431919,776.2804361979166,1.4599500276064825,1.8590514597260335,22.104766169800655,51.37945556640625,60.257043728584165,1
2020-07-10,851.5665893554688,854.5365672443328,827.1719444149811,829.0990778284718,43759967,824.1955479213169,783.7638230096726,2.949155964123218,1.9733052682251062,27.364622829351674,65.04864501953125,67.74990028744722,1
2020-07-13,877.3895263671875,883.1480789947044,861.519399808991,863.0383906975433,69608392,835.5086582728794,791.3779965355283,3.032403729139199,2.0906590989856793,21.628679185713395,99.22601318359375,76.11388586609138,0
2020-07-14,869.2277221679688,880.4274760561808,855.7608159923657,876.9360759259316,67331128,843.8712245396206,798.0497727167038,-0.9302372496982625,2.2595826292024355,24.66666006381513,99.6671142578125,72.57912718764769,0
2020-07-15,836.1272583007812,897.2498214760561,815.2694681656544,878.7271275560773,139669773,843.3659755161831,803.0775989350818,-3.808031315962934,2.571494951792426,81.98035331040171,51.4383544921875,63.37425019428384,0
2020-07-16,835.8552856445312,847.4631233403054,821.8215599703974,837.4876162694775,60961724,844.6582641601562,808.1430082775298,-0.03252766293048159,2.486888871616107,25.641563369908,37.65753173828125,61.46795654807759,1
2020-07-17,866.8245239257812,870.5879989548259,833.4066071401047,836.5806561826539,49726765,852.0232718331473,813.8111397879464,3.7050957041408816,2.6867702380262353,37.18139181472122,56.134765625,68.64785939269953,1
2020-07-20,870.5426025390625,876.0291396123432,861.3606541786958,869.5904298045907,36592938,858.2190726143973,817.4306059337798,0.42893094399802933,2.6799018121763125,14.668485433647447,30.87860107421875,71.68488978445508,1
2020-07-21,893.96240234375,896.4336259674744,878.0696681167741,879.2032442811862,42173371,864.275617327009,822.4502389090402,2.690253152043365,2.6462858784746395,18.36395785070033,67.15313720703125,72.65852986224435,1
2020-07-22,908.67626953125,911.39684028734,889.0426683207968,899.1541819328522,59771457,868.7451520647321,828.7135155087426,1.6459156614331727,2.492342906128421,22.354171966543163,93.40679931640625,72.79448543912328,1
2020-07-23,933.0709228515624,943.0010338235652,902.940391134032,908.6536081303096,58333751,877.8656093052456,835.9889933268229,2.684636337305979,2.514126550268372,40.06064268953321,105.89892578124989,74.06816123215586,1
2020-07-24,973.1314697265624,980.771759562493,933.0708309814,933.161502678431,120597372,897.4376395089286,845.3860851469494,4.293408560259371,1.6099033388481685,47.70092858109297,121.56488037109364,75.15169360617516,1
2020-07-27,977.6884765625,997.004667049382,964.8563920667284,987.9360577935169,80304827,917.6995239257812,854.4894438244048,0.46828275291703747,1.5015169528593066,32.14827498265356,100.2989501953125,79.35081634761175,1
2020-07-28,987.437255859375,994.8281988813133,975.1719293046234,977.688488793748,55114422,934.929914202009,864.4548601422991,0.9971253145123704,1.4178013551848148,19.65626957668985,118.20953369140625,83.72713987858313,0
2020-07-29,950.6866455078124,989.7497164572248,938.806733983119,987.5279599955765,72663399,946.3790631975446,873.0799095517114,-3.7218172732988775,2.5472879400132964,50.94298247410586,114.55938720703114,72.04954474948471,1
2020-07-30,956.218505859375,970.2068340349582,939.5095470108182,951.7522051350378,72857444,955.2727922712054,881.2479858398438,0.5818805152782769,2.478389767264974,30.697287024139996,120.36322021484375,70.03125105873913,0
2020-07-31,937.2877197265624,965.3551074174673,930.8036739652496,958.7803899595892,74958061,959.3601422991071,887.8713175455729,-1.979755256441007,2.6890493506497206,34.55143345221768,70.46319580078114,61.775708470544494,0
2020-08-03,910.9434204101562,932.7081063612384,908.2681255398212,930.1235431581412,46715383,956.1990705217634,892.6453014555432,-2.8106950258658725,2.7381008272279685,24.43998082141718,40.40081787109375,57.65392054713767,1
2020-08-04,975.1492919921876,982.5855710982528,906.9759241686488,916.203269273076,92041055,956.4873308454241,899.0969819568452,7.048283147280698,3.5789473046338127,75.60964692960397,81.18688964843761,72.8942819401556,0
2020-08-05,964.1989135742188,995.7350350128564,960.5034420662862,983.4924363615606,74549993,954.5602504185268,905.6393461681548,-1.1229437900321604,3.6008881655170706,35.23159294657023,55.52264404296875,70.41765075769666,1
2020-08-06,967.6676025390624,982.9029063632008,955.7423553761496,978.0511909769216,49322975,951.7360142299107,912.8964000883557,0.3597482755902881,3.5751910746372753,27.160550987051238,34.5966796875,67.58102456067466,1
2020-08-07,973.2675170898438,978.41397565965,961.3649973579196,965.7178986420788,32984416,954.9618530273438,919.8533296130952,0.5787022874474301,3.2288920957677734,17.048978301730358,0.1360473632813637,67.79235826487385,0
2020-08-10,961.206298828125,981.6787342996,955.8784966522268,979.0034992486233,26958997,955.6743948800223,925.0742681594122,-1.2392500571459353,3.2827682641644724,25.80023764737325,-16.482177734375,62.12394791250786,1
2020-08-11,967.5316162109376,979.4115277857608,952.3643158271036,967.9850346750636,46828306,959.9949515206473,929.3667486281622,0.6580603342408731,3.150407009253898,27.047211958657158,-19.905639648437386,60.94250578963757,0
2020-08-12,964.7203369140624,972.610094232018,955.28898076835,961.727691023823,30264617,967.6773681640625,933.9140159970239,-0.2905620084938221,2.838062902988987,17.321113463667984,14.03369140625,56.397787454047155,0
2020-08-13,962.2037963867188,969.8440862641454,956.7399270901238,964.901699164418,24830322,965.8280116489956,939.9176606677827,-0.26085699980095134,0.7744624122433835,13.10415917402156,5.98529052734375,47.395724390928656,0
2020-08-14,958.4630126953124,978.051218179692,947.331262509623,962.4304992398274,33224635,965.008597237723,945.7561238606771,-0.38877249346279674,0.6693494293465727,30.719955670068998,21.17529296875,45.400305838263186,0
2020-08-17,948.2835083007812,954.4728113825544,938.6480809006554,954.4728113825544,30979066,962.2394409179688,949.6351231166294,-1.0620654380710137,0.725848616915806,15.824730481898996,37.340087890625,40.65172894086982,1
2020-08-18,960.6167602539062,967.7582955179748,944.2025451178334,945.4041249622032,30547672,960.4321899414062,953.9243687220982,1.300586991671393,0.8997042290314896,23.55575040014139,-14.532531738281364,52.68381922346659,1
2020-08-19,966.5114135742188,976.6909912734272,961.8864371354928,970.7963711289711,34087543,961.1900634765625,957.3790835425967,0.6136321542791423,0.8048080611827632,14.804554137934474,2.3125,52.776426837327485,0
2020-08-20,950.867919921875,963.0425735525788,946.7643661988468,961.2741757133824,22537845,958.8095354352678,959.3882097516741,-1.6185523970682514,0.9749630941860924,16.278207353732,-16.799682617187386,53.729283434793125,0
2020-08-21,943.9759521484376,962.1812358935966,941.7768034296276,960.3675019003482,25280895,955.8460518973214,959.9074968610491,-0.724808107313546,0.9920990387489157,20.404432463968988,-29.291564941406136,60.156176989077906,1
2020-08-24,950.278564453125,954.2460509640608,938.829403447164,948.3061551600296,32717218,954.1424473353794,958.8192632765997,0.6676666169665557,1.058936410190783,15.416647516896774,-10.927734375,38.12508524088341,0
2020-08-25,944.0892333984376,957.329460746316,942.2301636663344,954.9262408658594,19388008,952.0890502929689,957.2192993164062,-0.6513175490019951,1.07240867807677,15.099297079981625,-23.4423828125,39.94099117004671,1
2020-08-26,969.11865234375,973.9477001185352,928.1738418761494,945.404223995661,59870421,955.0654994419644,956.3469848632812,2.6511708914647825,1.4373625890702026,45.77385824238581,4.398315429687614,50.59704506140724,0
2020-08-27,957.0120849609376,974.8772893855144,953.679360076086,973.9703924276448,28085062,954.5505458286832,956.6481962658111,-1.2492347922035574,1.470092644720181,21.197929309428332,-5.191711425781136,43.65150838324412,1
2020-08-28,959.528564453125,967.1235185049004,955.0395957954092,961.2742345079783,27166900,953.5529959542412,956.8058181036087,0.2629516943132515,1.4497620779986427,12.083922709491162,1.0655517578126137,49.29198288065707,0
2020-08-31,943.4544677734376,985.7595929976718,934.2271229260566,985.7595929976718,62076132,952.4939313616072,957.0994727725074,-1.675207729625916,1.4598112362322617,51.532470071615194,-4.829040527343636,40.61173200312239,1
2020-09-01,946.4244384765624,962.3625085827924,935.1566206196068,952.2056589351108,38616258,952.8437151227679,958.789045061384,0.3147974602456305,1.4386999717101379,27.20588796318566,-14.192321777343864,42.874800334677055,1
2020-09-02,964.9923706054688,969.4360033995824,945.404165606812,948.5781547637196,26949439,954.9456874302456,958.3053821382068,1.961903282928179,1.6054336337273267,24.03183779277049,-1.51904296875,50.96530496859083,0
2020-09-03,957.6921997070312,969.7761228830587,953.5659776492616,964.9017393534516,18586429,956.8889683314732,957.9955386207217,-0.756500374594371,1.6155255570761946,16.210145233797107,6.82427978515625,49.739589240121894,0
2020-09-04,941.89013671875,950.8227390952824,939.6003163077193,944.7467752348788,28475945,952.9991803850446,956.7680402483259,-1.6500147952667077,1.3270267937341986,11.222422787563119,-2.0858154296876137,47.91912252283821,1
2020-09-07,944.338623046875,954.812883543974,926.9268380792043,944.950776960414,21926473,951.1886858258929,955.3904738653274,0.2599545565531436,1.2878414030869283,27.88604546476961,-5.93994140625,44.3375367464249,1
2020-09-08,955.425048828125,961.7276915670202,943.3637335909106,948.578195976428,27397082,950.6024693080357,955.1151762462798,1.1739883883473912,1.3829604851815371,18.363957976109646,11.335815429687386,46.277970191631056,1
2020-09-09,980.0236206054688,982.948262646231,943.7944599093832,945.4041824088742,55310877,955.8266339983259,955.7100335984003,2.5746207729758774,1.4814552817609783,39.15380273684775,10.90496826171875,59.23326090074396,1
2020-09-10,1049.239990234375,1063.2737150092375,986.3716977544624,989.8858259136236,140304404,970.5145699637277,959.7347789946057,7.062724629651651,2.856809431270039,76.90201725477516,92.22790527343739,73.90099382022103,1
2020-09-11,1051.8472900390625,1060.054399431229,1037.0428539822522,1048.3332813865743,59470807,982.9224155970982,964.0035167875744,0.24849413184346858,2.885703007844503,23.011545448976904,92.3187255859375,73.45555219780847,0
2020-09-14,1044.048095703125,1070.097737564955,1034.7300199764577,1054.2276724587873,44063445,995.2589721679688,968.0789969308036,-0.7414759166844309,2.8839466755551295,35.36771758849727,100.59362792968739,72.91341142918547,1
2020-09-15,1051.4390869140625,1054.5677402462595,1037.518702454909,1048.3104335818653,27178393,1010.9088221958706,972.9911673409598,0.7079167369162143,2.609989839612762,17.04903779135043,105.01464843750011,70.53036161157357,1
2020-09-16,1054.023681640625,1074.3373820752818,1047.675702726847,1051.9605405191994,33952295,1026.578116280692,977.4391159784226,0.24581497480260506,2.611216090891168,26.661679348434745,89.03131103515625,75.40067349967975,0
2020-09-17,1042.3250732421875,1058.1724701146538,1039.19630018031,1051.960379773106,25828669,1038.9924054827009,981.0492902483259,-1.109899957867,2.80994194757373,18.976169934343943,84.63287353515625,70.68415441459005,1
2020-09-18,1045.4765625,1051.711201831605,1032.2590023834323,1049.35337764639,33074915,1048.3428257533483,985.5544637044271,0.30235186111466916,2.7669206578855396,19.452199448172678,103.58642578125,77.24626464735505,0
2020-09-21,1022.8729248046876,1059.2153640933784,1019.01865808858,1042.8918201365796,33627381,1044.5761021205358,989.3114624023438,-2.162041551774374,1.0223863278391967,40.19670600479844,78.53430175781261,68.47868742560772,0
2020-09-22,1002.6045532226562,1032.4629482711289,998.2515919553894,1032.4629482711289,34792254,1037.5414254324776,991.8031761532739,-1.9815141344074139,1.1421746046611256,34.21135631573952,47.17950439453125,59.0172742879251,1
2020-09-23,1011.5144653320312,1032.349647647501,999.9520239691242,1024.7546930361625,42988708,1032.893763950893,995.0139014834449,0.8886766054209572,1.2841900219848144,32.3976236783767,31.4908447265625,62.80470238371823,0
2020-09-24,989.0242919921876,1009.3379310241464,986.6890759494188,1001.1308828752752,29826318,1023.9773646763393,995.9617890857514,-2.223415888813929,1.3232636550981796,22.648855074727635,-60.215698242187386,60.86771004729047,1
2020-09-25,998.319580078125,1003.3526989604932,982.7215890510984,992.561027630643,28374935,1016.0196358816964,997.9288126627604,0.9398442648171912,1.440944905596646,20.63110990939481,-53.5277099609375,62.06542985269772,1
2020-09-28,1004.9170532226562,1014.7792199657464,1000.7454952765088,1009.791436796348,19666849,1010.6756330217634,1000.0901692708334,0.6608578331214199,1.5231301909213062,14.033724689237602,-39.13104248046875,61.2886178714651,1
2020-09-29,1017.975830078125,1026.5682927534233,1004.9170066954656,1008.8845531281476,25842539,1006.7469569614956,1003.6388055710565,1.299488033722862,1.6529437343718134,21.65128605795769,-33.4632568359375,59.13752854150521,0
2020-09-30,1013.1241455078124,1027.928578554187,1008.8845241351472,1024.754589473698,24465159,1005.3542742047991,1006.8149820963541,-0.4766011556423977,1.459551588162609,19.044054419039753,-40.899536132812614,37.39917800634592,0
2020-10-01,1008.9978637695312,1026.4775915724194,1003.8967413551796,1026.4775915724194,20783227,1006.2676042829241,1008.9104817708334,-0.4072829333480077,1.2294104242838269,22.5808502172398,-33.32720947265625,35.20663239826416,0
2020-10-05,1003.0806274414062,1019.8348626021702,1000.269384966474,1017.4997065200467,18922799,1005.0627702985491,1011.0718354724702,-0.5864468638237419,1.1971684583003521,19.565477635696197,-42.39593505859375,35.67015072141237,0
2020-10-06,1002.2417602539062,1012.9200316663944,998.2968817912704,1008.9978810960308,18412175,1006.9509800502232,1013.9457223074777,-0.08362908868450036,0.763079965263723,14.623149875124,-20.631164550781364,31.96478379417293,1
2020-10-07,1023.62109375,1046.9727737786616,1006.6173920088512,1013.4188487180892,53170865,1010.5654820033482,1017.7210780552456,2.1331513357293774,1.0407014749508858,40.35538176981038,21.01654052734375,40.20453978744474,0
2020-10-08,1015.345947265625,1028.3821636698403,1007.5696492243518,1024.3012173405473,21077808,1012.0553240094866,1020.5744541713169,-0.8084189095849181,1.1160085077367916,20.812514445488546,3.83148193359375,41.111467703949636,0
2020-10-09,1012.716064453125,1021.5806624419674,1005.3024535496828,1013.4188900706192,18545499,1011.3039289202009,1022.1312372116815,-0.2590134741348393,0.9984030029423476,16.278208892284624,23.691772460937386,39.169515123388265,1
2020-10-12,1014.348388671875,1022.8275119437076,1009.4513972409952,1013.418883808066,14226473,1011.4788208007812,1020.469732375372,0.1611828108633251,0.9840851965639679,13.376114702712357,16.02880859375,46.72814656973809,1
2020-10-13,1034.140869140625,1036.4306896985922,1009.27007406185,1011.4238870505347,23112012,1015.0706787109375,1019.6265694754464,1.9512507428207204,1.1941943877659131,27.16061563674225,29.22381591796875,62.14852256626788,1
2020-10-14,1037.22412109375,1044.7057362892783,1028.6088696874467,1033.324638008591,26742011,1019.9483206612723,1019.3016183035714,0.29814622409103375,1.1221922563973157,16.096866601831607,19.248291015625,60.36945588463368,0
2020-10-15,1000.4960327148438,1038.3575230267356,995.2815705789496,1038.3575230267356,20036197,1019.6989310128348,1016.8757585797991,-3.540998288795727,1.9031239730877039,43.075952447785994,-12.628112792968636,54.15022904835737,0
2020-10-16,986.5757446289062,1012.285249528179,985.1474254749344,1004.3502763795696,21583600,1014.40673828125,1013.6639520554315,-1.3913386591014043,1.6969112056445022,27.13782405324457,-22.422119140625,45.88890859327093,1
2020-10-19,986.757080078125,1010.5622392043456,977.2123844835456,993.03711473914,31200385,1010.3226143973214,1011.0178571428571,0.01838028658276425,1.7016685015813844,33.349854720799954,-16.32354736328125,43.343849257927104,0
2020-10-20,977.552490234375,994.374789553876,975.8974318290544,988.0267509433464,18482288,1005.2992466517857,1007.7833775111607,-0.932812140858541,1.7117461009903963,18.47735772482156,-24.68927001953125,34.75290486197187,0
2020-10-21,963.360107421875,993.9213889927784,951.1854522370076,983.0390454596968,34082321,998.0152064732143,1004.9494338262649,-1.4518282091529722,1.7178952284855713,42.73593675577081,-60.260986328125,32.46528688803116,0
2020-10-22,955.35693359375,966.9421018379,948.1247264007278,964.6296137675084,30802210,986.7603585379464,1002.6995471772693,-0.8307562007672242,1.256364195947873,18.817375437172245,-59.989013671875,31.601891281857192,1
2020-10-23,958.1229248046876,968.0757029274416,950.573306510884,954.9262077062732,23422125,975.460187639509,1000.1570928664435,0.2895243770862477,1.2547468041377994,17.502396416557644,-54.593139648437386,34.23942882647793,0
2020-10-26,920.0573120117188,953.0897537107388,915.2509326492706,953.0897537107388,37324416,963.9689418247768,996.8729509626116,-3.9729362284832592,1.3962878091602429,37.83882106146825,-94.29107666015625,27.152439690694038,1
2020-10-27,922.5059204101562,934.0003573150688,909.129685940206,922.6872638083933,36478896,954.8161097935268,993.2627766927084,0.2661365076359834,1.4920610135851649,24.87067137486281,-111.63494873046875,18.58277721201644,0
2020-10-28,912.0542602539062,933.025447328848,910.2178586428504,925.8158484232022,29924017,944.1442783900669,988.8407389322916,-1.1329640195266277,1.4303593840315203,22.807588685997644,-125.16986083984375,18.334795909775607,1
2020-10-29,919.0597534179688,925.9066057760116,902.781605556934,905.5021761803396,30655304,935.7881731305804,984.1304495675223,0.7681004814463765,1.5997922945161345,23.125000219077606,-81.436279296875,22.038765778094472,1
2020-10-30,931.5745849609376,936.3809648847906,916.7473625510196,922.0524968177426,34021563,931.2473842075893,980.2471371605283,1.3616994429825002,1.7723244307050763,19.633602333771023,-55.001159667968636,26.795573493248682,0
2020-11-02,851.2944946289062,919.105110257612,842.9967150587656,919.105110257612,99366895,916.3813214983259,972.7374529157366,-8.61767717025016,3.571305302626661,76.10839519884632,-135.46258544921875,11.7228600421697,0
2020-11-03,839.0291748046875,865.600239943717,832.0917105106013,856.9850494031045,88691623,899.3679286411831,964.9254789806548,-1.4407845817874576,3.4792886637056575,33.50852943311577,-138.5233154296875,10.04576637640453,1
2020-11-04,867.504638671875,874.6689020903103,832.953205081128,832.953205081128,80180117,891.8604038783482,958.5094255719866,3.393858607338185,3.8185709685005356,41.71569700918235,-95.85546875,22.267441964061888,1
2020-11-05,886.4580688476562,889.1559715685411,876.029144746573,886.4354009237527,37205373,886.710710797991,951.9778529575893,2.1848217670395798,3.9712879227129876,13.126826821968052,-68.89886474609375,29.551795167908566,1
2020-11-06,920.0800170898438,924.9997362683604,896.955016187128,902.3282137896616,66674086,887.8572474888393,947.4413800920759,3.7928413563761865,4.265450060537299,28.044720081232413,-38.042907714843864,38.01843676824623,1
2020-11-09,929.8515014648438,938.1492815350944,923.1860519106892,935.0206280565576,35838510,889.39892578125,943.4954485212054,1.062025497076502,4.273343618652554,14.96322962440513,9.794189453125,41.44577859610743,1
2020-11-10,945.2000732421876,947.671296720315,925.543864908724,941.776677025442,36934242,891.3454241071429,940.2026715959821,1.6506476306339835,4.287265949511747,22.12743181159101,22.694152832031364,46.75680872437575,0
2020-11-11,905.5928955078124,949.938492845278,896.9323689240059,947.2179220787752,56724780,899.1023385184152,934.0813395182291,-4.190348568056734,2.8347818001977614,53.00612392127209,-6.461364746093864,42.01413320963413,0
2020-11-12,897.7938842773438,910.6940326424576,890.9924272689508,898.247362719015,40046527,907.497297014509,927.4418044317337,-0.8612049927904208,2.7617978465231103,19.701605373506823,-21.265869140625,40.47261811838374,1
2020-11-13,905.2301025390624,923.4807196009718,898.5873814202945,898.7007210390979,45388670,912.8866489955357,922.9053315662202,0.8282767784394407,2.554333083409821,24.893338180677347,-26.344482421875227,47.40764296545607,1
2020-11-14,907.9053955078124,913.8000155522184,904.7540741586882,913.6186721505104,5226220,915.9505528041294,919.1591244652158,0.2955373403122685,2.461807815854797,9.045941393530143,56.610900878906136,47.44929784383216,0
2020-11-17,903.8018188476562,945.4041769988106,900.0610116001939,945.4041769988106,46542562,913.6250959123884,915.2088739304315,-0.4519828476028498,1.9465309568466262,45.34316539861675,64.77264404296875,48.52560154514795,0
2020-11-18,901.0586547851562,909.80991365708,888.7706596628595,903.8018936710494,30402290,909.5118321010044,911.5663103376116,-0.3035138904674439,1.8610627624649227,21.039253994220417,33.55401611328125,46.73414599684011,0
2020-11-19,894.6878662109375,911.6008364153228,892.4433818817643,901.0585724391552,27796343,902.2958025251116,908.2962036132812,-0.7070337253169967,1.6186244212685694,19.157454533558507,8.22979736328125,43.155222083342565,0
2020-11-20,861.2927856445312,899.5170278650099,859.2523123764714,895.5268130062715,57471248,895.9672154017857,903.8169584728423,-3.7325956713637587,1.4587643303230948,40.26471548853851,-58.7872314453125,52.24613536704758,1
2020-11-23,884.5083618164062,893.2595600473776,873.4219475565428,884.644369365096,45327567,894.0692836216518,900.3115030924479,2.695433719963436,1.936357816021422,19.837612490834772,-45.3431396484375,59.737883954762474,1
2020-11-24,890.5616455078125,895.0732820966707,876.0291671598031,890.538977583329,30936268,891.9737897600446,898.9069475446429,0.6843670396710966,1.9243905839796227,19.044114936867572,-54.638427734375114,55.461297054797726,0
2020-11-25,883.193359375,903.6657931642696,880.654192057057,897.7938413094128,32637879,888.4434988839286,897.0349208286831,-0.8273751929447792,1.9213342594763088,23.01160110721264,-22.399536132812386,49.18181587346651,1
2020-11-26,885.3699340820312,890.9924794007771,875.1450800459091,885.574005389529,25838637,885.8103724888393,895.7642386300223,0.2464437355565563,1.9349101815299696,15.847399354868003,-12.4239501953125,39.673557377680254,0
2020-11-27,875.0316162109375,886.956863707273,871.2228051404243,879.8833317328676,47336811,882.0922241210938,893.6676606677827,-1.1676834138051873,1.9641746403435536,15.734058566848717,-30.198486328124886,33.745601008234615,1
2020-12-01,886.4127807617188,891.5592393178523,875.1450229329691,879.8153351253683,19750687,880.9100690569196,891.5170985630581,1.300657523674853,2.0564885041338936,16.41421638488316,-21.492614746093636,32.149265692235275,1
2020-12-02,887.8864135742188,889.6321436054803,877.3894853981996,888.0450890461269,22188887,884.7091587611607,893.2595708937872,0.16624679206833637,1.3032441458768755,12.242658207280783,-15.9154052734375,43.00304814074994,1
2020-12-03,890.5616455078125,898.2926670858094,888.1130898872199,894.166445181224,27785372,885.5739135742188,895.7134980701264,0.3013033979002433,0.8481808509383548,10.179577198589527,-10.49700927734375,47.021470309217285,0
2020-12-04,882.7173461914062,892.806192431299,879.6566964271353,892.806192431299,18464552,884.4532993861607,896.4379127139136,-0.8808260894655251,0.874527941260084,13.149496004163666,-11.97052001953125,40.75939282645352,1
2020-12-07,887.9090576171875,890.9923750186222,879.9286890581647,879.9286890581647,18242188,885.126970563616,896.5070074172247,0.5881510597000927,0.8477652517259997,11.06368596045752,26.61627197265625,41.95840619253291,1
2020-12-08,904.028564453125,913.3239128258732,884.1909519390108,889.2467387240156,43403061,887.7924891880581,895.7426525297619,1.8154457033241922,1.0760406704334564,29.132960886862406,19.52020263671875,50.083150432225565,1
2020-12-09,919.0824584960938,922.188503884498,906.5224492987908,911.374164756824,29175254,894.085466657366,895.2298409598214,1.6652011490450258,0.956690801393786,15.66605458570723,28.52081298828125,56.0621973540833,0
2020-12-10,910.0364379882812,919.7852039036752,907.3158674920908,916.6565508314588,16065507,897.4602748325893,893.5553821382068,-0.9842447132126342,1.0998700461592263,12.469336411584436,26.84307861328125,55.071139248368475,0
2020-12-11,909.492431640625,924.0929139357568,895.1866323672836,912.7570925495094,26944202,900.5468488420759,893.7410743350074,-0.05977852368843628,1.1105126063618254,28.90628156847322,24.12249755859375,70.34057781754697,0
2020-12-14,902.917724609375,913.6640608558668,900.6732400750604,910.4673435033312,17312747,902.3120029994419,893.9850667317709,-0.7228984873892785,1.182999313016549,12.990820780806303,27.8861083984375,59.03831873888635,0
2020-12-15,895.2320556640625,902.1921882018914,889.2240359631435,902.1921882018914,18551265,904.0998186383929,893.5089692615327,-0.8512036851018201,1.178520604104266,12.968152238747962,8.81927490234375,52.256825037662914,1
2020-12-16,896.2294921875,904.5726673465,891.3097731763147,901.421286250231,18561011,905.2884521484375,892.9529738653274,0.11141653352633174,1.1665536702377073,13.262894170185291,8.34307861328125,56.71258553216311,1
2020-12-17,900.3331298828125,909.129724301802,896.5016507528353,899.8343755485606,20252358,904.7605329241071,892.7877982003348,0.4578780023514417,0.9303563207910404,12.628073548966654,9.771484375,57.554938536020146,1
2020-12-18,903.031005859375,909.0843613071538,890.9924186751066,897.8392714360722,18466344,902.4674682617188,892.8817196800595,0.2996530825110977,0.590791834566628,18.09194263204722,20.31365966796875,65.31883091990056,0
2020-12-21,879.5205688476562,916.8379694209408,841.2283275836958,911.3968279822236,44135540,898.1080583844866,892.1594674246652,-2.6035027434462066,1.0582910176257336,75.60964183724502,-8.38848876953125,46.67101011768591,0
2020-12-22,878.1603393554688,888.2265172786522,856.2822534289644,883.7375484737753,28140001,893.6320452008929,892.9626842680432,-0.15465579093502102,1.0525862910087969,31.944263849687786,-25.86822509765625,45.29708142336538,1
2020-12-23,881.40234375,884.8484079017386,870.8826879671385,875.1223093610237,19501410,890.5584193638393,892.8147786458334,0.3691813726079518,1.0932822029872777,13.965719934600088,-37.68011474609375,45.59527974696325,1
2020-12-24,904.2100219726562,906.3184389463692,882.3319351071959,882.8306894509022,20776988,891.8409859793527,893.4647013346354,2.5876579957365475,1.5156647983693337,23.986503839173224,-5.826416015625,59.035485480040315,1
2020-12-28,908.35888671875,915.0243362502358,904.7314189530316,909.900545527166,17221499,893.5737566266741,894.6630597795759,0.45883861550688465,1.5197773013409326,10.292917297204212,-1.133544921875,58.673122303320355,0
2020-12-29,902.3509521484376,912.439798429375,898.9501635431251,910.9434754302608,18611939,893.8620169503348,895.4716796875,-0.6614053826252242,1.5470239588762669,13.48963488624986,-0.5667724609373863,49.22174515282523,1
2020-12-30,904.822021484375,910.1271552061417,895.7760806552021,904.7086818653784,22043630,894.1178763253348,896.8902704148065,0.27384792248004164,1.5463389572258193,14.35107455093953,9.5899658203125,42.510083560030424,0
2020-12-31,900.1970825195312,912.2583374556028,897.1591008607796,903.9152218564028,18781189,897.0716639927456,897.5466657366071,-0.5111435017083776,1.083452385982569,15.099236594823196,3.96759033203125,44.58044943729567,1
2021-01-01,901.1947021484376,905.5022677403856,898.7008105101149,901.4213814086116,10015175,900.362287248884,898.1803937639509,0.11082235749022562,1.0678892770953263,6.801457230270671,0.8615722656251137,45.45230726413219,1
2021-01-04,902.7136840820312,906.3637598470406,892.352762889534,904.640757614628,24513534,903.4067644391741,898.7590622674851,0.16855202654568746,1.0707724720272758,14.010996957506563,-0.31732177734375,49.88161183555838,0
2021-01-05,891.4912109375,899.4262438413816,886.9115106039434,892.80613046262,24123091,901.5897914341518,899.1768653506324,-1.2431929793933927,0.6176563461337751,12.514733237438236,11.97064208984375,47.91506217053968,0
2021-01-06,867.9807739257812,891.4457932255564,863.854552119663,891.4004573776713,46401468,895.8214896065848,898.2278994605655,-2.6372034545348977,1.0345915976271902,27.591241105893346,-10.1795654296875,37.41415721378529,0
2021-01-07,866.5751953125,881.9238397966232,863.8546244352824,870.814757093236,32325918,890.7106672014509,896.4444056919643,-0.16193660683565536,1.0502016634507314,18.069215361340753,-14.8271484375,34.589094532331416,1
2021-01-08,876.800048828125,878.9311936650147,867.0059456976594,869.6811807226603,27540187,886.7075282505581,894.4309576125372,1.1799153230941162,1.2147043790850987,11.92524796735529,-27.40997314453125,38.79527458053453,0
2021-01-11,860.2723999023438,879.1124426510808,858.1185873709477,879.1124426510808,33307825,881.0040021623884,892.0612415132068,-1.8849963509777412,1.3329657329182798,20.99385528013306,-48.08648681640625,41.256421232876704,1
2021-01-12,887.3876953125,888.7252828199374,861.4740587259083,862.87970997784,41161546,879.0315726143973,891.0086350213913,3.151942967510557,1.9640217594209257,27.251224094029112,-14.963256835937614,53.39677167275632,0
2021-01-13,879.112548828125,895.5040980209848,869.8852636562669,890.3349713085404,26619458,875.6599818638393,889.8750552222842,-0.9325288741423021,1.9732963609434266,25.618834364717827,-25.70947265625,49.18720042152224,1
2021-01-14,888.997314453125,891.8539526683576,879.225879879633,881.9237826562116,21553242,875.3037109375,889.5781627836682,1.1244027443558346,1.9996431929599499,12.62807278872458,-11.19976806640625,44.05454518564741,0
2021-01-15,878.5003662109375,894.9825854452455,870.6106693815333,888.9972940596249,20593268,876.8065098353794,888.7339186895462,-1.1807626492825518,1.7413841590403432,24.371916063712206,-22.694335937500114,38.88229829135348,1
2021-01-18,899.5848999023438,905.5021875578412,872.106998334172,883.7828382090427,35100458,881.5221819196429,888.6982886904761,2.400059749815009,1.9166893911513105,33.39518922366926,-3.1287841796875,49.07403358806821,1
2021-01-19,914.298828125,920.9188817318542,904.4366615381476,904.4366615381476,32006615,886.879150390625,889.234851655506,1.6356353051561356,1.9490718060969148,16.482220193706553,22.8076171875,52.93212312847424,1
2021-01-20,931.6652221679688,933.1615451092316,907.4973158868204,916.5659852036084,30924537,897.078125,891.7179303850446,1.8994221045413484,1.6400002502600914,25.664229222411223,63.6844482421875,59.0246955849579,1
2021-01-21,951.93359375,961.2742782497206,940.8699070414724,944.0438963533106,39087742,906.2989676339286,895.2309424990699,2.1754994283104345,1.4752802778072545,20.40437120824822,85.3583984375,63.103013245722025,0
2021-01-22,929.352783203125,959.165903980986,922.8006730227185,957.1934345680818,30532660,913.4761439732143,897.5142967587426,-2.3720993454933392,1.8461271632483272,36.36523095826749,52.552734375,56.204455101696745,0
2021-01-25,880.1100463867188,922.7099125187834,876.0291603627637,922.7099125187834,54207104,912.2065342494419,896.3666788736979,-5.298605406515843,2.9380849255829693,46.68075215601971,19.837646484375,47.74806500659993,0
2021-01-27,859.2522583007812,872.8552326609131,856.0782689298538,872.8552326609131,42370131,909.456804547991,894.0282679966518,-2.369906828307311,3.0430959802891224,16.776963731059254,-28.13543701171875,48.25460964758757,0
2021-01-28,850.886474609375,872.0844035148573,847.9164965706553,852.5188051471522,34067814,902.4998866489956,891.5775785900298,-0.9736120691669847,2.806657165749802,24.167906944201945,-28.22607421875,46.94777914728185,0
2021-01-29,835.19775390625,867.4593698333902,829.7792200753853,858.9348503983574,43712383,891.1997331891741,888.2621372767857,-1.8438089182610806,2.613626235981666,37.68014975800486,-53.799560546875,42.074813559085555,1
2021-02-01,859.3883056640625,863.7865428347654,837.9409701152957,843.110096652801,34180952,880.8744594029018,886.3188621884301,2.896386112710725,2.8321767645079046,25.845572719469715,-19.112060546875,49.83635871074388,1
2021-02-02,873.2179565429688,879.6566667876373,841.0923491274965,867.9808262438378,41470034,869.6293683733259,884.9866362072173,1.6092435500643543,2.7288187745768897,38.56431766014077,-26.366943359375,47.2415899844279,1
2021-02-03,875.4170532226562,885.0977559571905,861.5193370458762,874.3514808921253,30301696,861.9242640904018,883.6867966424851,0.2518382338807523,2.7200939655809386,23.578418911314316,-38.88177490234375,49.26317055106378,0
2021-02-04,872.537841796875,879.6567100873364,863.7865829635437,872.4017742702679,25626981,860.8425205775669,882.7842552548364,-0.32889597194640796,1.8722570238184815,15.870127123792713,-59.12738037109375,46.6238991165891,0
2021-02-05,872.288330078125,881.7650813571979,870.5879959278572,875.1449682096818,20248046,862.704816545759,882.9893769763764,-0.028596091401167367,1.5885475055401512,11.177085429340764,-79.645263671875,48.669896893420294,1
2021-02-08,884.8485107421875,892.8062122999959,874.6916604980441,876.5053344964492,21183400,867.5565359933036,883.8595348539807,1.4399115786562833,1.5461172891291766,18.114551801951734,-44.5042724609375,46.72514113818236,1
2021-02-09,886.9795532226562,902.1468540671392,885.2338830875444,889.6095123241837,19604141,874.9539358956473,884.3442731584821,0.24083698560799505,1.1547225623077015,16.912970979594775,6.8695068359375,43.56920718032093,1
2021-02-10,895.2093505859375,899.9477267102546,873.8980819416108,885.8913937556059,21234156,880.0712280273438,886.0079374767486,0.9278452173311136,0.7459446217376932,26.049644768643816,35.95709228515625,41.03279187155769,1
2021-02-11,932.1187133789062,935.9729206273222,894.2798863460735,897.7939547525075,42539278,888.4856218610491,888.1379859561011,4.122986736991807,1.521612822142776,41.69303428124874,81.23223876953125,45.494862027573674,0
2021-02-12,925.7251586914062,942.230044978136,913.8452482428096,932.0278606462276,30497029,895.6724940708706,890.3576340448288,-0.6859163533283752,1.6303654881217866,28.384796735326404,90.52740478515625,49.109684849258336,0
2021-02-15,921.6444091796876,934.6578975884944,918.1983447144302,928.6499377082844,15791099,902.6877179827009,891.9122576032366,-0.44081652890228806,1.6439180504350646,16.45955287406423,62.256103515625114,63.09695145633315,1
2021-02-16,933.8417358398438,942.8650096572084,922.7326530138156,924.8864658007502,21421660,911.4810616629464,894.5475609188989,1.3234308740626366,1.6098779482240098,20.132356643392768,60.623779296875,74.87899200174594,1
2021-02-17,944.6107177734376,950.3692703869466,929.8061636594126,934.0683933136262,23742994,920.0185198102679,896.6916474841889,1.1531913299964947,1.6001337410003023,20.563106727533977,69.19366455078136,80.7680501400572,0
2021-02-18,937.5598754882812,956.014505762448,933.6603325517268,945.4042372455168,18646877,927.2442801339286,897.79931640625,-0.7464283595866927,1.7124982669175834,22.35417321072123,65.02203369140625,85.6240762619446,1
2021-02-19,943.2730102539062,954.4500958860806,931.0303522839878,932.7080785090463,23403483,934.1105172293527,898.352068219866,0.609362123421664,1.7130066387853118,23.419743602092808,70.98468017578125,83.50230333865879,0
2021-02-22,910.5352172851562,947.6259365902496,904.5726539395146,943.136968162514,23804335,931.0271606445312,896.3807169596354,-3.4706593544893027,1.632575325813571,43.053282650735014,25.68670654296875,62.9483376141069,1
2021-02-23,917.4954223632812,930.848988222682,913.029121794404,928.6271719000512,25644108,929.8514840262277,895.8160807291666,0.7644081136013003,1.6703671617796758,17.819866428278033,30.515869140625,64.13337706800058,1
2021-02-24,934.5218505859376,936.4489240552962,918.7197282010852,920.4654582700598,10807663,931.6911185128349,898.4071190243676,1.855750754461516,1.8150596327171382,17.729195854210957,39.312500000000114,69.01246022634945,1
2021-02-25,972.3153076171876,975.7840397521636,939.9629623775808,941.3232777095964,34855693,937.1873430524555,903.7910737537202,4.0441491022980225,2.314999445005393,35.82107737458284,40.196594238281364,74.93780924190882,0
2021-02-26,945.7669677734376,967.57699044691,938.9201148180856,959.914032198198,37481215,937.352521623884,908.3091924758185,-2.7304249594517715,2.607593077411061,28.656875628824423,20.041809082031364,64.19739177932543,1
2021-03-01,952.9765014648438,957.646873714604,935.2019693603648,956.8306484903324,17680764,939.5548967633929,913.9177042643229,0.7622949349118224,2.5934345169567825,22.444904354239156,31.332092285156136,65.02529287880819,1
2021-03-02,954.9262084960938,965.8085514456496,947.263250572338,962.1811437745008,17150760,941.2196393694196,918.4671282087054,0.20459130191070596,2.588910552682987,18.54530087331159,21.08447265625,63.995739486111994,1
2021-03-03,998.5009765625,1006.572077071357,955.4703590572256,961.750393670414,31924461,953.7861764090402,924.4329863048736,4.563155527486451,2.4660598800272755,51.10171801413139,53.890258789062386,65.08654734185237,0
2021-03-04,986.5984497070312,992.9918242849484,978.3686732860034,988.4801874020636,21435754,963.6580374581473,929.7273385184152,-1.1920395808169504,2.647915110484189,14.623150998944993,49.03857421875,63.496578180576144,1
2021-03-05,987.890625,1002.9672532884404,976.260120871694,977.5977682721734,25511666,971.2821480887277,935.2203281947544,0.1309727674265515,2.643127163442895,26.70713241674639,44.61761474609375,64.87173655090388,1
2021-03-08,993.5133056640624,1012.0132716669716,983.039044773577,983.2657240329896,19506841,974.3104335239956,940.9929460797991,0.569160241202038,2.2324062541525818,28.974226893394643,82.97808837890614,63.80324113750137,0
2021-03-09,993.4905395507812,1003.8061245628406,973.3355758572836,997.5487577867862,15154484,981.1280866350446,946.1663760230655,-0.0022914754287950423,1.8066812565150567,30.470548705557007,75.9951171875,61.89843834733138,0
2021-03-10,989.3643188476562,1004.3956118787132,984.0591848216624,1000.7228083320848,11519358,986.3263462611607,951.0418410528274,-0.4153256159832863,1.8561720040971574,20.336427057050855,54.842468261718636,62.792500696322584,0
2021-03-12,969.2546997070312,1000.4507422731192,963.0426687169552,995.2816157511662,16864952,988.373273577009,954.5678100585938,-2.0325797845678673,2.1020991004531764,37.40807355616403,-3.0606079101563637,55.989981144288414,0
2021-03-15,956.2411499023438,974.378367439583,943.3636702802957,970.3655452396614,16698099,982.3361554827009,955.7164975120908,-1.3426346871076356,0.9350484082481292,31.01469715928738,10.474182128906136,61.59154810104089,0
2021-03-16,952.4777221679688,963.9948870594852,950.165234013291,958.553685547253,13873801,977.4617658342634,956.9904291062128,-0.3935647127044639,0.9005784536315583,13.829653046194267,-0.498779296875,59.01813918097077,0
2021-03-17,931.9599609375,953.5659717866566,922.7779520359184,951.321487384943,19210236,969.4716709681919,957.4816458565848,-2.154146050132022,1.0382134944756247,30.788019750738272,-22.96624755859375,49.35124471246045,0
2021-03-18,910.98876953125,945.3135252330828,907.3159659802868,939.917659532268,20647480,957.6824515206473,956.3934093656994,-2.2502245037602453,0.9506365026933186,37.99755925279601,-87.51220703125,33.023726847940765,1
2021-03-19,944.0438842773438,950.3239190123004,899.0635245309819,902.7816639429236,41787429,950.6186436244419,956.3664172944568,3.6284876226412965,2.066265475224947,51.260394481318485,-42.5545654296875,49.539605114882605,0
2021-03-22,935.1566162109376,940.4164143959772,921.9164490477824,939.0561589834672,18572478,942.8746861049107,956.2519763764881,-0.9414041247891025,2.063387221052464,18.49996534819479,-52.734008789062386,45.28097010353837,1
2021-03-23,946.5377197265624,956.6038970524452,932.2546489163942,934.9525516306612,17421165,939.6294032505581,956.4074387323288,1.2170264657634267,2.1008013549213898,24.34924813605096,-46.9755859375,47.884261139352674,0
2021-03-24,928.309814453125,943.0236364808284,925.1811610696236,943.0236364808284,16822814,935.6392124720982,957.2538481212798,-1.9257452601786573,2.1588905298479637,17.84247541120476,-65.18072509765625,29.701018539307512,0
2021-03-25,902.9857177734376,931.347851095088,900.0610755416413,931.347851095088,22001648,928.5689261300223,956.5629098074777,-2.727978987769941,2.330691707589962,31.28677555344666,-86.37860107421864,27.561445503693037,1
2021-03-26,904.4365844726562,913.0744424920392,894.9372254340741,912.3036131657976,20180202,924.6370152064732,955.1302780877976,0.1606743795235399,2.25910962040948,18.13721705796513,-64.818115234375,27.62309164459205,1
2021-03-30,920.1480712890624,929.035337372419,903.0310289019576,910.4899757979094,20441701,925.9454868861607,952.6461239769345,1.7371573735672108,2.2188161406960516,26.00430847046141,-36.093078613281364,31.337925612284792,0
2021-03-31,908.2681274414062,929.4887232737644,906.40905776399,915.0243084377212,16250796,920.8346644810268,950.8604649135044,-1.2910904471074014,1.6429813215069438,23.079665509774486,-44.2095947265625,29.555082574223576,1
2021-04-01,916.7699584960938,920.465429845356,908.290775524704,915.0242884490824,11723312,918.2079990931919,949.1363438197544,0.936048595984218,1.7178348125692613,12.174654320651939,-15.19000244140625,32.94266695272758,0
2021-04-05,903.5071411132812,918.198295125252,889.677488179083,918.1756272004716,14875099,912.060773577009,946.6878168015253,-1.446689789505029,1.6259607080764529,28.520806946169046,-7.48162841796875,34.03785365552953,0
2021-04-06,899.74365234375,909.107004338236,892.8061280725167,908.6762538058488,14009194,907.9798932756696,941.9850870768229,-0.4165422273136654,1.5257440050712796,16.300876265719353,-44.30023193359375,35.638539673969476,1
2021-04-07,908.1548461914062,928.1285275370888,903.8246126194148,906.8625944881164,24266353,908.7183401925223,938.2496773856027,0.9348433663017186,1.202293462633271,24.30391491767398,-27.001770019531364,38.99335951212143,1
2021-04-08,909.2883911132812,916.8380096725808,903.6885139889864,911.85028647344,15369188,909.4114554268973,934.5067138671875,0.12481846313201483,1.2020074468194806,13.14949568359441,-37.249328613281136,43.77024100188407,0
2021-04-09,898.723388671875,909.7417386895142,897.7938238938312,906.159667024016,14037885,906.3507864815848,929.992908296131,-1.1618978692195858,1.0230498846395402,11.947914795683005,-29.58642578125,46.42524747684617,0
2021-04-12,866.5751953125,889.3601188333347,861.632807894605,888.271878488836,20901482,900.3946533203125,923.9493204752604,-3.577095440554101,1.5888313481929632,27.727310938729715,-36.410522460937614,27.301711178725654,1
2021-04-13,875.9385375976562,879.9287521472845,869.6131669055775,872.4017415275625,19411189,894.5615931919643,918.5480927966889,1.0804996884061113,1.6137296828096759,10.315585241707026,-28.498046875,32.69740190583248,1
2021-04-15,881.6063842773438,889.1786704861084,867.4139846330557,873.4446120904353,19723716,891.4329136439732,914.3743634905134,0.6470598605276656,1.632662985642992,21.764685853052697,-38.541687011718636,30.372793949159842,0
2021-04-16,876.0745239257812,884.1456245317884,873.5126286216039,878.1149969863354,15656948,888.0516095842634,910.5569051106771,-0.6274750784724614,1.6362895997764055,10.63299591018449,-32.193603515625,32.89784424307504,0
2021-04-19,862.2902221679688,868.9556716698464,856.985088064207,863.3331266419872,18478808,881.4995204380581,906.2622622535342,-1.5734165737457562,1.576874355743695,11.970583605639376,-54.479736328125,35.58693536553672,0
2021-04-20,862.0408325195312,870.1345408290238,857.1891171314771,866.2803940149797,17203668,874.7498692103794,902.9327799479166,-0.02892177622175751,1.564054768777588,12.94542369754663,-41.46630859375,34.855873839791585,1
2021-04-22,864.42138671875,868.0715224771913,850.9544798546892,858.0053442180699,14490954,869.8495832170759,900.7152855282739,0.27615329917272113,1.5948830189806307,17.117042622502026,-35.322265625,27.99856765838173,0
2021-04-23,863.4918823242188,870.0892682363567,859.4109960022909,864.2400438171045,11828857,869.4091099330357,896.8794759114584,-0.1075290834785525,0.8687432585448852,10.678272234065844,-44.6629638671875,30.648658515482893,1
2021-04-26,878.6817626953125,889.6321696188024,866.7338471259807,870.5880540621903,20846778,869.8009992327009,894.190197172619,1.7591225444074654,1.0371611892716532,22.898322492821762,-30.60662841796875,34.438670802143946,1
2021-04-27,901.716064453125,905.592879224886,878.8631384956852,879.6566357896455,19992524,872.673810686384,892.0558326357886,2.6214612315562213,1.4233810921552579,26.729740729200785,2.99267578125,49.32234428004997,1
2021-04-28,905.63818359375,910.4898988549594,897.8618863960234,905.8875907227454,17122437,876.8971906389509,890.9762311662946,0.43496165758161176,1.3593034954623433,12.628012458936041,39.06298828125,52.227528203917,1
2021-04-29,917.7675170898438,927.0401972486708,910.1725631547909,917.2460348994038,17412606,884.8225184849331,891.6801263718378,1.3393133942257274,1.031016346230337,16.86763409387993,41.8289794921875,53.533312214912534,0
2021-04-30,904.3685913085938,923.1859662205168,901.2172701969536,910.716629346936,19828769,890.8693411690848,891.6768886021206,-1.459947702631359,1.3409980200674936,21.96869602356321,22.76220703125,48.34120686944418,0
2021-05-03,888.2945556640625,897.340497401844,881.0623478526642,891.4458771331132,23640186,894.2797938755581,890.1600545247396,-1.7773765916917372,1.6392875389405182,16.27814954917983,12.22003173828125,46.60969126773173,0
2021-05-04,869.0462646484375,892.2619961748394,866.507097421783,884.1908961551087,21849830,895.0732770647321,888.2923467726935,-2.1668815701831656,1.9085298261646146,25.75489875305641,6.75604248046875,50.87686468569666,1
2021-05-05,870.6333618164062,878.9764773257763,865.1694924935965,872.1070167804479,12393609,893.9235055106027,886.0953659784226,0.18262516422078434,1.7690309139534341,13.80698483217975,8.592529296875,48.007482257147565,1
2021-05-06,875.5757446289062,877.3894784194164,864.5119984908221,871.4268548191382,14624666,890.1891741071429,884.7652994791666,0.5676767086191914,1.3625859247554146,12.877479928594312,11.15435791015625,47.72260212402859,1
2021-05-07,875.9158325195312,886.7528395578353,873.3086014127246,878.6364032493998,12288548,885.9431239536831,883.6306413922991,0.03884162994591822,1.3294005777052824,13.444238145110717,12.4239501953125,49.93762630672887,0
2021-05-10,873.3993530273438,882.740038023686,871.0188609169002,879.2033017480504,13941237,879.6048148018973,881.9756179082962,-0.2872969523737168,1.0795248765514576,11.72117710678583,-5.28240966796875,54.790798062750056,1
2021-05-11,876.5506591796875,878.9991548596583,866.0536709526697,868.320883202796,13478264,875.6308244977679,880.4166782924107,0.36080930692481417,1.0853319965391655,12.94548390698867,-25.1654052734375,56.10455307642729,0
2021-05-12,867.4820556640625,876.4373258456701,864.6934809341622,875.1677420602306,13177961,872.6576102120536,878.9289957682291,-1.034578369276662,0.9621277882287272,11.74384491150795,-38.1561279296875,51.2190757914779,1
2021-05-14,878.4324340820312,880.563518938135,864.2400338075389,874.2381482108096,13291616,873.9984915597098,879.4936261858259,1.2623175714667756,0.7145845867820773,16.323485130596055,-39.3350830078125,55.51095409797092,1
2021-05-17,888.8839721679688,890.2895633789483,875.3036666921718,878.4323799585411,11873078,876.6057216099331,880.1100754510788,1.1897941925219868,0.815205228366486,14.985896686776528,-15.484619140625,53.89948354641106,1
2021-05-18,901.398681640625,908.0414631541172,894.3931533556103,898.2473602910601,12064918,880.2947126116071,881.0525658017114,1.4079126032763511,0.916779241214271,13.648309798506943,13.1041259765625,49.86808177712112,1
2021-05-19,905.52490234375,914.3214965481936,894.1664727852633,897.7938805270868,16317002,884.5245797293527,882.4549647739956,0.4577575702257475,0.9013177606284487,20.15502376293034,36.4786376953125,49.952995093862924,0
2021-05-20,900.2424926757812,911.8049942540358,898.247415294268,905.9103738478552,11422532,888.3593139648438,884.2622157505581,-0.5833533295767412,0.9489835608305661,13.557578959767852,29.609130859375,42.29008174720555,1
2021-05-21,908.0187377929688,911.2153947907652,900.514455659808,903.235026290113,10785605,892.854753766741,886.4516398111979,0.8637944976441103,0.9611960263045131,10.700939130957181,32.4429931640625,51.68941670998215,0
2021-05-24,900.355712890625,911.3061190300916,898.700714595752,910.4898938764024,8551760,897.5509905133929,888.1627982003348,-0.8439280582435482,0.9115864677354867,12.605404434339675,24.43988037109375,56.05365670151223,0
2021-05-25,890.1536254882812,905.50227013301,888.7253062731775,905.230195052024,14780102,899.2254464285714,889.4324050176712,-1.1331174175137515,1.0349070807299077,16.776963859832563,16.7542724609375,61.652181589429766,1
2021-05-26,893.2822265625,897.5671839561246,891.1284738713696,895.5267109206686,7480204,899.8537684849331,890.1276652018229,0.35146754275168224,0.9450919844540779,6.43871008475503,16.7315673828125,62.293921867059105,1
2021-05-27,896.0255737304688,903.6885320706948,889.7455387788042,893.3956745411289,26819294,899.086181640625,889.856689453125,0.30710867029399846,0.7595938464793792,13.942993291890616,28.54351806640625,61.37175121914133,1
2021-05-28,949.8478393554688,954.472815743996,902.3282518740784,902.3282518740784,56469931,905.4180297851562,891.9619111560639,6.006777842391142,2.444548766894959,52.14456386991753,71.4154052734375,75.77874539247985,1
2021-05-31,979.5475463867188,993.7852821100848,945.4268620793822,953.1124880356036,59124142,916.7473231724331,894.9038173130581,3.126785765118245,2.518527364541011,48.35842003070263,90.66357421875,81.11382250544764,1
2021-06-01,983.4471435546876,998.4557094965296,973.2902334606248,982.1321639562732,28013832,927.5228097098214,898.6694626581101,0.39810187696895927,2.5362049459199953,25.165476035904817,82.04846191406261,81.19630929267382,1
2021-06-02,998.1155395507812,1001.8563467317178,978.0511883191928,978.0511883191928,24630162,941.4884992327009,903.8990333193824,1.4915286593923494,2.3751075550841185,23.80515841252509,92.59063720703125,86.91702109530263,1
2021-06-03,1001.9243774414062,1020.220331233519,995.7804103170116,1007.0707759680464,23974257,957.4557495117188,910.2265625,0.3816029046436187,2.153117739344201,24.43992091650739,101.681884765625,86.3667278982238,0
2021-06-04,993.2412109375,1005.007723278059,990.4072405064372,1004.2595618006808,14468646,971.7356044224331,916.0650315057663,-0.8666488908155245,2.3248487243418663,14.600482771621728,85.22247314453125,81.05526084734292,1
2021-06-07,1009.9727783203124,1016.5928919877746,990.7473191357552,998.4556731308024,16336573,988.0137765066964,922.4648902529761,1.6845422037029545,2.2595601643447587,25.84557285201936,109.61706542968739,81.51908674491636,0
2021-06-08,1004.1688842773438,1009.8594330639162,996.7099374722952,1009.6100858849402,9674735,995.77392578125,928.5721784319196,-0.5746584628370965,1.3951283280813154,13.149495591620962,114.0152587890625,78.36012792900105,0
2021-06-09,986.2130126953124,1007.0708023507112,978.4819907883092,1006.1639653966724,11409161,996.7261352539062,933.9442574637277,-1.7881326401537945,1.2629206121565342,28.588811562402043,92.93078613281239,73.03769829262666,1
2021-06-10,989.8403930664062,1011.151659285564,987.3691696343178,994.5560407600096,14155653,997.6394566127232,939.3390066964286,0.36780901533435273,1.2617953227549026,23.782489651246237,93.8148193359375,72.4245414946505,1
2021-06-11,1007.0098876953124,1013.766875641892,991.9717457006176,993.24581569042,13762778,998.9100777762277,945.9831891741071,1.7345720329433156,1.308948340564135,21.795129941274467,57.162048339843636,77.78259699937738,1
2021-06-14,1021.4564208984376,1027.530819009634,998.7740423359074,1007.851579256908,20332436,1001.7003696986607,952.7938552129837,1.4345969567576056,1.399499524882689,28.75677667372645,41.908874511718864,83.46340090002505,1
2021-06-15,1023.7769775390624,1035.106763332947,1019.36334735504,1028.7821487449671,15174215,1006.0626220703125,959.2173316592261,0.2271811692743375,1.3075824010222854,15.74341597790692,40.32983398437477,83.39500974035305,0
2021-06-16,1006.3045043945312,1022.434678867938,1003.6881840170562,1021.4564397057088,10797349,1005.5385829380581,964.2128470284598,-1.706667909892945,1.3952749989545419,18.746494850881845,8.18896484375,76.24317416900467,1
2021-06-17,1008.1473388671876,1016.951852658188,991.8806822040292,1001.0264002407748,15745975,1006.10693359375,969.0996297200521,0.183128910246233,1.3764764152950733,25.071170454158846,6.222961425781364,68.43400531185847,1
2021-06-18,1012.6974487304688,1016.951850443548,993.9054594499104,1012.6292078814683,29369026,1009.8904244559152,974.4546276274182,0.4513338167805747,1.108183663250605,23.0463909936376,19.45623779296875,62.464176805479845,1
2021-06-21,1017.9755859375,1022.6394327555988,1001.0947014517697,1002.6189877915084,12186448,1013.9097377232143,979.690668015253,0.5211958629547153,1.1093130297515474,21.544731303829167,8.002807617187614,62.84929829167843,0
2021-06-22,1012.7430419921876,1028.782290874014,1009.8309507322008,1025.5971158370016,12871913,1014.728759765625,985.0424455915179,-0.5140146794869849,0.9784865912726887,18.95134014181326,8.574157714843864,55.8545886273083,0
2021-06-23,1003.4608154296876,1024.0500559302593,1001.799987098414,1023.777092514532,16653951,1012.157958984375,990.4380260649182,-0.9165431089253162,0.8304393236399853,22.250068831845283,17.247802734375227,50.58913950012667,0
2021-06-24,979.8683471679688,1007.669572262773,973.7257080355693,1004.1432535343796,91461975,1005.8852975027902,994.5611746651786,-2.3511100681710695,1.108441281610541,33.94386422720379,-9.9720458984375,45.398381565047174,0
2021-06-25,957.5499877929688,979.868355835384,946.9254774381874,979.868355835384,55355022,998.9203665597098,997.4909086681548,-2.2776895936586716,1.2174805939307096,32.94287839719664,-49.459899902343636,32.62913751112865,0
2021-06-28,949.1550903320312,967.5830690553375,946.880034202098,965.535542609245,20277042,990.492902483259,997.4579206194196,-0.8767059232371421,1.1534930986161134,20.7030348532395,-72.30133056640636,32.07831612769816,1
2021-06-29,949.9740600585938,959.6203313338768,948.2905450727716,950.7475767024226,27144063,981.5324183872768,996.0496593656994,0.08628407885122868,1.0913284909941527,11.329786261105255,-73.80291748046864,36.71076127093811,1
2021-06-30,960.37109375,965.831204114812,951.4528452867432,953.8188890996876,19762858,973.303205217634,994.9507998511905,1.0944544833955794,1.2289408307489558,14.378358828068713,-45.93341064453125,39.70444677487382,0
2021-07-01,954.5924682617188,966.058736162284,953.2501575281796,963.7154392931002,12534407,964.9959803989956,992.8782726469494,-0.6017075613674705,1.2257185255396799,12.808578634104492,-53.554870605468864,30.103581928417057,1
2021-07-02,968.7433471679688,970.4951632609226,952.317400936898,954.1602048328318,14086620,960.0363420758929,991.2982235863095,1.482400016419394,1.5030257091753272,18.17776232402457,-43.9541015625,29.94634873738643,1
2021-07-05,978.3668823242188,979.891168748786,969.8581385815544,972.1104477919256,11702287,959.8218470982143,990.5899222237723,0.9934039995612265,1.3358365657231424,10.033030167231573,-39.60870361328125,33.63400752220744,0
2021-07-06,966.8095092773438,977.7752841489312,964.7164890232146,975.9780344174736,10070124,961.1446358816964,988.5345284598214,-1.181292340907858,1.0625283483339345,13.058795125716529,-45.933532714843864,35.13191090442031,0
2021-07-07,960.0980834960938,968.15182763501,954.6152261057076,968.15182763501,10454892,962.7079206194196,986.4359188988095,-0.6941828474842482,1.0352400501290622,13.536601529302402,-43.362731933593864,32.55122111020329,0
2021-07-08,952.1580810546876,963.2376503194928,946.8799465079012,963.2376503194928,11185460,963.0199236188616,984.8142554873511,-0.8269990928940762,1.102678482452456,16.35770381159159,-27.710266113281136,28.54377677222911,0
2021-07-09,942.4208984375,951.7486525291566,940.1003484340648,950.0650773140198,9037675,960.4556100027902,982.5561843145462,-1.0226434886108304,1.0538827710571361,11.648304095091817,-15.12908935546875,24.042527136191353,1
2021-07-12,948.29052734375,956.207729408689,943.9223909587708,946.3111816946794,8585292,959.5553327287946,979.7600242978051,0.6228245697842194,1.0895924750909907,12.285338449918186,-0.86456298828125,27.95328557613452,1
2021-07-13,955.3887939453124,956.9130803745412,950.0878516924768,955.5252756516484,6717133,957.6475394112723,976.6139468238467,0.7485329017727693,0.9378845916824721,6.8252286820644485,5.414733886718636,33.307009846933724,0
2021-07-14,949.1550903320312,958.6420731903104,946.9937689554592,955.6844881859736,8532544,953.4744262695312,973.0605236235119,-0.6524782007897412,0.7842131137454622,11.648304234851139,-11.21600341796875,37.872824267943734,0
2021-07-15,947.4943237304688,953.2502049164672,945.7425076403308,953.2502049164672,9448356,950.7151140485491,970.2600388299851,-0.17497315438529393,0.7123657676987861,7.507697276136355,-7.09814453125,45.25552195824333,1
2021-07-16,961.1674194335938,962.2367066615388,949.8831264283724,949.951367281346,8828185,950.8678763253348,968.0228998093378,1.4430794317892515,0.9322076021207345,12.35358023316644,-7.575927734375,55.39877590073781,0
2021-07-19,955.0475463867188,966.4455743808566,951.9989734743656,955.52529254446,8354449,951.2806570870536,965.2776663643973,-0.6367124939046898,0.9058055034700551,14.446600906490971,-23.3193359375,52.1765018239632,0
2021-07-20,952.7041015625,959.1653183707836,948.2450375383124,955.2976750301372,6741464,952.7496861049107,962.1695004417783,-0.24537467617029574,0.7935411220422011,10.920280832471121,-14.10540771484375,46.46675232388328,1
2021-07-22,964.9439697265624,966.4000152300578,954.683470529445,964.1704530749702,7972397,955.1287493024554,959.8933541434152,1.2847502329409677,0.8915684115913882,11.716544700612758,4.845886230468636,54.50225618519669,0
2021-07-23,958.1188354492188,971.2004383163172,956.4580071605648,971.2004383163172,9937030,955.5187552315848,957.7342122395834,-0.7073088688535623,0.9256967170675127,14.742431155752456,5.960754394531136,45.06448671478406,0
2021-07-26,944.9918212890624,965.0805699242694,942.3755004869316,959.165459561424,12389668,954.9240025111607,956.0734252929688,-1.3700820477035802,1.0474635267481298,22.705069437337784,2.5709228515623863,34.98469134175231,0
2021-07-27,935.0497436523438,948.1086002282086,929.1346335078572,944.9690394523994,10824523,953.1462053571429,955.0019850957962,-1.0520808130547232,1.1141165906667811,18.973966720351427,-13.24078369140625,35.500668747213496,0
2021-07-28,927.0187377929688,936.414732655119,917.4179602018662,936.414732655119,12897848,948.267822265625,953.9478730701264,-0.8588854137327018,0.8661620699734242,18.996772453252788,-28.370056152343636,35.07802777502445,1
2021-07-29,934.25341796875,943.8769425785124,929.7715466212894,934.5946824013536,13765738,945.2972324916294,953.1992710658482,0.7804243734064631,0.9891087882814324,14.105395957222981,-14.90167236328125,41.871547451209814,0
2021-07-30,926.0859985351562,940.9421040230186,924.1748936428288,936.4147387774316,11350608,941.494646344866,951.5666474841889,-0.8742188443207732,1.010606313572085,16.767210380189795,-21.4083251953125,42.47697112289842,1
2021-08-02,943.012451171875,946.1520117827724,928.7478263645152,934.7312372274596,10925104,938.361572265625,951.0152180989584,1.8277409078090168,1.1697488293019118,17.40418541825727,-18.15496826171875,47.793867034032345,1
2021-08-03,949.9513549804688,951.430147484226,939.2358562430207,950.9751482931742,11817299,937.1947893415179,950.120361328125,0.7358231378568503,1.21676152022162,12.194291241205292,-5.09619140625,47.724224680157135,1
2021-08-04,957.2315673828124,961.8954143261994,949.6100753022612,952.9771655453944,13169800,938.9433244977679,949.1139177594866,0.7663773901868121,1.113284465262684,12.285339023938263,4.527465820312386,53.35095862867095,1
2021-08-05,971.1094360351562,980.4598768953388,957.4590392491626,962.0318984025092,21252078,944.094709123884,949.3186761765253,1.4497922054835355,1.048011995232574,23.000837646176137,6.165466308593864,58.89611882645086,0
2021-08-06,950.5429077148438,976.8880893431024,945.8562535112904,969.1528622918456,16620987,947.455304827009,948.8636678059896,-2.117838377133008,1.3836968203451445,31.031835831811918,-7.575927734375,46.19521739928709,0
2021-08-09,945.1282348632812,950.8841763192498,940.282351981684,946.8800509816786,7494143,949.0088500976562,948.5289132254464,-0.5696400244129651,1.4102805471830617,10.601824337565859,0.1364135742188637,46.42972634302114,1
2021-08-10,950.0878295898438,961.4404233933778,943.581178728171,947.3350273362742,11919198,952.4376831054688,948.8940051850818,0.5247536306308698,1.3340420411963605,17.859244665206802,15.0380859375,49.075727590949136,1
2021-08-11,963.39697265625,964.6254885296094,947.9720727670094,954.1374592617028,9184963,955.3497576032366,949.6133597237723,1.4008329179578949,1.2644416127759188,16.653415762599934,36.37823486328125,49.45757735290219,0
2021-08-12,960.3029174804688,967.4466034758628,957.800331624984,966.8550623942888,8137612,956.8285522460938,949.8473656063989,-0.3211609817758143,1.268620153517364,9.646271850878861,26.04949951171875,50.78637857984212,1
2021-08-13,976.2965087890624,978.2303606065248,959.5975996548036,963.3969420853272,12780901,959.5521153041293,951.1398141043527,1.6654735727092973,1.3805969853568854,18.63276095172114,50.210510253906136,61.043292455535834,1
2021-08-16,988.9686279296876,1002.3914951366928,968.3338340297282,977.980105672493,21935444,962.1034284319196,953.1147809709821,1.2979785369040098,1.3603917627959388,34.05766110696459,45.956176757812614,68.66141233282707,0
2021-08-17,984.7598266601562,994.2923038234344,977.297622981309,986.8529072733436,12658169,966.9915597098214,954.2382289341518,-0.4255748009258986,0.9558225658462529,16.994680842125376,34.8084716796875,70.527385180479,1
2021-08-18,988.5819091796876,995.020319457164,979.4589373887336,989.1961972236584,10075860,973.1992274693082,955.8351033528646,0.3881233186059152,0.8365642984499065,15.561382068430362,31.350341796875227,69.79447607187333,0
2021-08-20,977.4796142578124,988.2861007519195,972.3607078932538,975.09076320503,9426282,977.1123395647321,957.0148896716889,-1.1230526088716108,1.0747059608066107,15.92539285866576,6.370178222656136,68.3330829506832,1
2021-08-23,983.8953247070312,989.1962069315948,970.222180185028,989.1962069315948,9854395,980.0406755719866,957.9173351469494,0.656352353096401,0.9943509306325765,18.97402674656678,33.3524169921875,65.76595236873526,1
2021-08-24,993.60986328125,997.3864591310688,980.8239699002178,985.1238660067372,11864472,984.798810686384,959.6073840913318,0.9873548872804561,0.9798093003719814,16.562489230851043,48.48162841796875,66.48346609037978,1
2021-08-25,1002.20947265625,1010.1267354530132,991.9717199859176,994.383318017174,13380559,988.5006626674107,962.3320341564361,0.8654915468130575,0.8594373876572753,18.15501546709561,52.12164306640625,66.8140934666441,1
2021-08-26,1014.8814697265624,1021.4564210623377,1003.301407394536,1004.666465019474,18589616,992.2024972098214,966.133544921875,1.2644060364672693,0.8535217566622204,18.155013667801654,51.484497070312386,66.512173209499,0
2021-08-27,1013.4937744140624,1020.4782919319844,1008.3294342208058,1017.8619111430866,10480636,996.3073468889509,970.2514038085938,-0.13673471768815837,0.8145563587309107,12.148857711178607,53.190856933593636,77.76446157962754,1
2021-08-30,1032.9910888671875,1035.539228921763,1017.7709708130756,1023.7771290070832,14027062,1002.6515154157365,974.9531976609003,1.9237724932644307,0.993406458175819,17.768258108687405,56.694580078125114,84.46993152203618,0
2021-08-31,1027.4854736328125,1039.1337183154053,1020.2507393885752,1036.016904489164,26485463,1009.7952096121652,979.781744094122,-0.532977998911166,0.8312711252244928,18.882978926830106,38.516845703124886,80.2347378214196,1
2021-09-01,1031.557861328125,1043.2972151004208,1029.6923704170056,1034.2424832806043,11145486,1016.6041434151786,983.9981921968006,0.3963450384280476,0.8402576546303835,13.604844683415195,46.79803466796875,78.69743355700267,1
2021-09-02,1043.9796142578125,1050.0767599227504,1026.052128476792,1026.052128476792,9956770,1023.799822126116,988.4757283528646,1.2041741326748845,0.8572532587166339,24.02463144595845,55.397705078124886,82.6643882713468,1
2021-09-03,1086.7962646484375,1089.753849755498,1047.6652497127798,1051.0777738490865,30664428,1035.8836495535713,994.6454758417038,4.101291807413721,1.547946259551505,42.088600042718326,109.31665039062511,85.6661210974529,1
2021-09-06,1103.67724609375,1128.4299004209945,1097.4889922462603,1097.944051619568,33641710,1048.5687604631696,1000.9582287016369,1.5532793030691217,1.554584416513574,30.940908174734204,119.78192138671875,86.04527077307827,1
2021-09-07,1110.638916015625,1118.4195769224002,1097.4890117544835,1105.6792381399396,17349882,1062.4466378348213,1008.5818481445312,0.6307704491067989,1.4679618290368286,20.93056516791671,117.029052734375,88.88270088077927,0
2021-09-08,1106.29345703125,1116.5995103115172,1095.054658449374,1115.689511959844,14301651,1072.9184047154017,1016.2563825334821,-0.3912575835145593,1.5680111896655735,21.544851862143105,104.083984375,86.24265125393782,0
2021-09-09,1103.67724609375,1109.2510915570197,1099.35460328716,1104.7237261918483,8963249,1083.802943638393,1023.5701642717634,-0.23648435420748903,1.5232377267160968,9.896488269859674,88.79577636718761,90.99785772808139,0
2021-09-13,1079.0838623046875,1107.0443192185294,1077.4913349676583,1107.0443192185294,16311160,1090.5923723493304,1029.0790637788318,-2.2283130214114655,1.965899709200016,29.552984250871077,65.59008789062511,77.65737583105894,0
2021-09-14,1077.6732177734375,1089.2987144742633,1076.5583765209813,1080.6535496243034,8908356,1095.4057442801338,1034.6681256975446,-0.13072612616383816,1.969274854509158,12.74033795328205,44.68212890625,75.6632831406793,1
2021-09-15,1082.1551513671875,1090.09504087413,1077.6960268089388,1077.6960268089388,9071075,1094.7427280970983,1039.7090134393602,0.415889856018703,1.165733664988803,12.399014065191295,54.669677734375,75.03564697832128,1
2021-09-16,1104.860107421875,1108.750437452325,1077.013388880378,1083.6338341939222,13448882,1094.9117082868304,1045.2276553199404,2.098123917444017,1.3013370601879222,31.73704857194707,73.30224609375,76.51161201448761,0
2021-09-17,1087.72900390625,1117.441336518829,1080.9265822690463,1112.9594649804742,34882133,1091.6388636997767,1050.1309494745165,-1.5505224055558875,1.3895964159108811,36.514754249782754,43.7493896484375,70.01596313667409,1
2021-09-20,1089.4580078125,1100.3782281549334,1078.3784384748346,1079.3339306750968,11779819,1089.2337995256696,1054.934573218936,0.15895539238548473,1.398384448787692,21.99978968009873,2.6617431640625,66.8385306286479,1
2021-09-21,1094.16748046875,1099.5820973964808,1084.7486779581968,1094.3039621775245,9915736,1087.8752615792412,1060.4911382765997,0.4322766570605152,1.4190013247023172,14.833419438283954,-9.509765625,69.9795544404171,1
2021-09-22,1105.9068603515625,1111.139381442334,1091.2326692117997,1095.6690469817631,10995912,1091.7071184430804,1066.3012114025298,1.0729052080567403,1.1157140384078899,19.906712230534367,-4.7320556640625,71.29823835037588,1
2021-09-23,1132.934326171875,1136.1648740748446,1112.731787596337,1113.5962919397923,15748397,1099.6015625,1072.9357096354167,2.443918813535584,1.331717704301717,23.433086478507676,26.640869140625,73.51453982341434,0
2021-09-24,1129.6583251953125,1140.009872555042,1124.7897556991463,1139.1453680882423,15192163,1106.387730189732,1079.0047026134673,-0.28916071310434166,1.3845634620348222,15.22011685589564,25.9810791015625,64.32482094279797,1
2021-09-27,1148.655029296875,1151.134928281977,1126.2912870102596,1131.6149158288963,15373834,1112.6441476004463,1085.3748721168154,1.6816327271591769,1.3179960782456888,24.843641271717388,69.5711669921875,64.8222972070563,1
2021-09-28,1159.3934326171875,1167.0603586138618,1143.354184437372,1153.0004562253168,18035258,1122.8819231305804,1092.322474888393,0.9348675665387329,0.9314096452940286,23.706174176489867,81.72021484375,65.67668113453865,0
2021-09-29,1150.2021484375,1169.38083570803,1146.653022546889,1169.38083570803,9719875,1131.5596575055804,1097.9039539155506,-0.7927666244356146,1.1127200727950335,22.727813161141057,68.0469970703125,63.691861925737356,0
2021-09-30,1146.2889404296875,1153.273457399079,1137.6892697076169,1148.9053210131074,13590654,1139.005580357143,1103.5612618582588,-0.3402191530530896,1.1890353445134687,15.584187691462148,41.4288330078125,63.18080863689879,1
2021-10-01,1148.3138427734375,1155.6395643825465,1135.2550471541776,1138.417354693103,8958928,1145.063720703125,1109.121070498512,0.17664851088861067,1.1870525641690488,20.38451722836885,60.5848388671875,74.88953724135388,1
2021-10-04,1163.0789794921875,1171.587662580675,1154.38820045178,1161.645680951927,10918552,1149.3700997488838,1114.792468843006,1.2858102174479358,0.9314720914874342,17.199462128894993,73.6209716796875,78.01494036188093,1
2021-10-05,1187.21728515625,1188.4913549848789,1159.0747363088924,1162.6011151090838,13533634,1157.592808314732,1119.5744222005208,2.0753797540560504,1.0673807297337832,29.416618675986456,93.0498046875,80.52617429097774,0
2021-10-06,1164.7625732421875,1192.1087413964174,1160.78125500237,1192.1087413964174,10258881,1159.8938860212054,1122.4832473028273,-1.891373398518803,1.3470671699054413,31.327486394047355,58.855712890625,67.43021994454678,1
2021-10-07,1170.4730224609375,1182.4625914537355,1168.3344479778266,1180.7562090449592,6336665,1161.4766845703125,1125.3324904668898,0.49026723127396643,1.3171729468472826,14.128143475908928,37.5386962890625,75.79070324895461,1
2021-10-08,1215.450927734375,1221.4343385648035,1174.613532001241,1176.3197940015025,15772493,1170.7979387555804,1130.5304652622767,3.842711827639622,1.832510686861079,46.82080656356243,85.7926025390625,80.9316654779101,0
2021-10-11,1206.987548828125,1237.6326239992216,1203.6660128198464,1229.1694349795048,14768666,1179.4691685267858,1135.4500034877233,-0.6963159690886012,1.8740913399206993,33.96661117937515,58.33251953125,77.19640622848203,1
2021-10-12,1213.8809814453125,1220.7972576970285,1201.800425485858,1203.5068077762007,6682011,1188.835902622768,1141.8689139229912,0.5711270695277992,1.859686774957906,18.996832211170386,54.487548828125,76.65089450569582,1
2021-10-13,1226.2347412109375,1237.405299921744,1214.5636292034492,1218.977260003142,9959762,1197.858154296875,1148.9432721819196,1.0177076628151704,1.851020924222077,22.841670718294836,76.0325927734375,74.82746545898443,1
2021-10-14,1228.7144775390625,1236.47251177523,1222.7083196035724,1228.69173058792,8623469,1203.7863246372767,1155.9222877139136,0.20222362364943347,1.7647104593889547,13.764192171657669,82.425537109375,76.47125985330788,1
2021-10-18,1231.9906005859375,1249.0079672854492,1211.3784935963072,1214.24509076485,13594479,1213.3903285435267,1161.9761207217261,0.266630133099488,1.433720035632485,37.62947368914206,83.6767578125,74.31299240500559,1
2021-10-19,1243.0245361328125,1251.897290898018,1232.1725560059265,1239.3616754056989,8833409,1223.7548304966517,1169.3711460658483,0.8956184845588355,1.4266585231466127,19.72473489209142,79.945556640625,74.3572113210445,0
2021-10-20,1228.7144775390625,1247.9842743668398,1224.6649184645307,1247.9842743668398,12710570,1225.649623325893,1176.002406529018,-1.1512289723797586,0.8074181871472489,23.3193559023091,41.4971923828125,72.20433541277562,0
2021-10-21,1193.2691650390625,1241.272938403372,1184.4873969552518,1240.9999749681544,20831669,1223.6898542131696,1180.7215343656994,-2.884747689389311,1.3997426851284747,56.785541448120284,28.506591796875,61.27558865028806,1
2021-10-22,1195.49853515625,1212.5615152599455,1188.2638017444342,1192.13138489237,11027475,1221.0637904575892,1184.987804594494,0.18682877111926288,1.373828099328898,24.297713515511305,25.0255126953125,61.31355840427655,0
2021-10-25,1183.85009765625,1219.4321011074665,1169.3807520888931,1219.4321011074665,17198417,1215.0088413783483,1187.412365141369,-0.9743581574926496,1.280378923402728,50.05134901857332,-31.600830078125,55.05589332756504,1
2021-10-26,1210.809814453125,1214.3816877777629,1184.464630979062,1190.81211393416,9750178,1212.4510323660713,1191.2767217726935,2.277291428217909,1.6541379127282705,29.91705679870097,3.822265625,55.66484472457488,0
2021-10-27,1195.49853515625,1217.9761316670556,1192.1086379430944,1206.6918395131022,9896298,1207.2378801618304,1193.5073649088542,-1.2645486610785794,1.6834804393856837,25.86749372396116,-18.3824462890625,57.64222968604786,0
2021-10-28,1182.39404296875,1200.298779292571,1178.708556028044,1192.1313011797697,9886181,1198.576381138393,1194.6026320684523,-1.096152927179228,1.590512363319498,21.590223264526912,-43.8406982421875,52.858937014213154,0
2021-10-29,1154.0244140625,1181.2795964610077,1138.3037421282204,1181.2795964610077,14233025,1187.9063720703125,1194.784644717262,-2.3993379427910244,1.7145219722079648,42.97585433278732,-74.6900634765625,33.993396400465684,1
2021-11-01,1154.7296142578125,1163.0108284889366,1134.845529109983,1154.0243384080532,15481114,1182.4007219587054,1195.1865815662202,0.06110790956579404,1.4866222106970692,28.165299378953478,-77.260986328125,35.80876673639126,0
2021-11-02,1137.89404296875,1159.3706543132414,1135.3687704240997,1158.005596587504,10569130,1174.1715087890625,1194.6904006231398,-1.4579665301026612,1.4975777212259076,24.00188388914171,-105.1304931640625,30.422057151987005,0
2021-11-03,1130.0679931640625,1146.6304223003149,1119.7846857225254,1140.282939394172,11989430,1166.4883510044642,1193.1184488932292,-0.6877661284058978,1.4925262907661963,26.845736577789467,-98.646484375,24.630861676982235,1
2021-11-04,1137.0067138671875,1139.7595760808606,1132.9799021702054,1134.3220924997154,1705656,1155.9450509207588,1190.7274693080358,0.6140091344147613,0.9992514651236599,6.7796739106552195,-56.262451171875,26.36323478886834,1
2021-11-08,1138.4173583984375,1146.63033145871,1117.6915164906068,1146.3572476973711,20337183,1147.7905970982142,1189.472935267857,0.12406650849510203,1.049115537841815,28.938814968103316,-57.0811767578125,25.648255688359484,1
2021-11-09,1147.4039306640625,1150.679973201881,1131.6377653308823,1139.8052450774455,15682497,1142.7920096261162,1188.3744070870537,0.7893917111618576,1.163764683073802,19.04220787099871,-36.4461669921875,24.847412956027185,1
2021-11-10,1160.2352294921875,1163.920837434615,1139.1909292747953,1145.1288464956922,10253470,1143.6792689732142,1185.7450881231398,1.1182896001322717,0.8966188441411967,24.729908159819615,-50.5745849609375,31.84559523116056,1
2021-11-11,1162.3509521484375,1169.6083122656398,1153.7056670416569,1155.7532535702464,10722478,1144.768031529018,1183.6195359002977,0.18235290589960762,0.8973602068657293,15.902645223982972,-33.1475830078125,40.04389957814267,1
2021-11-12,1179.8916015625,1182.462488249801,1163.4656563781518,1166.1502778119302,8712341,1150.7676827566963,1182.0009940011162,1.5090665501362732,0.7242315419243615,18.996831871649192,-2.50244140625,45.4254399523695,0
2021-11-15,1172.929931640625,1184.0322480185664,1169.3808058406628,1183.031141558392,4803269,1156.8908168247767,1179.462669735863,-0.5900262289057601,0.6974835303217742,14.651442177903618,18.905517578125,46.70875550944424,0
2021-11-16,1145.6749267578125,1171.656038363849,1135.2551376309032,1170.3137274678447,11337581,1158.1291329520088,1175.5084054129463,-2.323668630801312,1.2815094082327334,36.40090073294573,-9.0546875,30.40378302822947,0
2021-11-17,1121.149658203125,1137.0523041547756,1119.7846004549367,1137.0523041547756,10202029,1155.662318638393,1170.2302652994792,-2.140683014168121,1.53903587846328,17.267703699838876,-16.744384765625,28.806692044845605,1
2021-11-18,1125.3812255859375,1132.5249718442826,1114.8022082606076,1119.3295736996563,8505625,1152.5162179129463,1164.6282028924852,0.37743109065335734,1.501974729414351,17.722763583675032,-4.686767578125,32.882485011834405,0
2021-11-22,1075.5347900390625,1114.3246032878988,1069.7333541956211,1108.4549265855226,24124307,1140.4161551339287,1157.3339320591517,-4.4292933286604335,2.0226836569118016,44.59124909227762,-61.471923828125,29.126252044402577,1
2021-11-23,1085.5904541015625,1092.597718814344,1050.6228528101806,1061.5658216102945,25326999,1129.4503696986608,1152.2063743954614,0.9349454946161906,2.1174605264134647,41.97486600416346,-52.826904296875,32.48407328146068,0
2021-11-24,1069.915283203125,1096.5334264323562,1066.3434103717225,1082.9285842980569,16820296,1113.739467075893,1146.2262195405506,-1.4439304287555021,1.81854955379698,30.190016060633752,-77.4886474609375,32.6761958446413,1
2021-11-25,1134.3221435546875,1138.4400635861748,1072.5315589664726,1079.7435455818988,42401936,1108.2240687779017,1143.8677455357142,6.0198093589934,3.3578236553191645,65.90850461970217,-25.9130859375,50.841468738410185,0
2021-11-26,1097.7620849609375,1127.3378152568512,1092.7114193284249,1122.8786907081894,15763138,1101.3793770926338,1138.4845203218006,-3.2230754553710605,3.458101376931402,34.62639592842629,-64.5888671875,43.05165204055257,1
2021-11-29,1110.911865234375,1137.530130735484,1091.6193215192616,1109.819891228915,24325354,1099.9168352399554,1134.4565836588542,1.1978716020152325,3.433549282033675,45.91080921622233,-68.979736328125,45.32444890436581,0
2021-11-30,1094.4859619140625,1126.5643394154413,1086.9555172716214,1122.969719233949,32172299,1095.5032261439733,1130.270484561012,-1.4785964426482279,3.4637879838035164,39.60882214381991,-78.4439697265625,41.226576085020675,1
2021-12-01,1122.5147705078125,1125.699825172228,1103.4496957163708,1107.044315866843,10104610,1102.2146519252233,1128.7700253441221,2.5609107443216983,3.076359445828577,22.250129455857177,-23.16015625,44.046241883586056,1
2021-12-02,1129.7266845703125,1135.8010837797613,1120.057665060323,1123.7432731717324,12720411,1108.5198277064733,1127.5794096447173,0.6424783220658536,3.0738701549506944,15.743418719438296,8.5770263671875,44.93214876528274,0
2021-12-03,1095.7825927734375,1136.8474535768446,1092.028744565764,1136.801959680644,19222481,1112.2151576450892,1125.5741024925596,-3.004628664656661,3.296297070224152,44.8187090110805,-29.5986328125,37.568071305493156,0
2021-12-06,1075.0113525390625,1103.404119692969,1072.5315739182363,1099.309066908383,10332254,1103.7421875,1122.952357700893,-1.895562164553355,2.2262673952519934,30.87254577473277,-0.5234375,36.09457813551489,1
2021-12-07,1083.7703857421875,1093.8488493527543,1073.8284038337267,1081.1768723394634,11235122,1101.743373325893,1120.4172944568452,0.8147851817971175,1.9867843384034762,20.02044551902759,-1.820068359375,40.72151329925819,1
2021-12-08,1100.2646484375,1106.4982760975693,1094.8955253046402,1102.9947640848918,8744178,1100.2223423549108,1118.6004987444196,1.5219333276039748,2.0272276462015633,11.6027507929291,30.349365234375,46.79245622599826,1
2021-12-09,1117.7142333984375,1126.1091818377995,1103.4041151302852,1107.9542272517804,13213547,1103.5406668526787,1117.1867036365327,1.5859443440010335,2.015754090446918,22.705066707514334,-16.60791015625,48.868436868981675,1
2021-12-10,1118.851806640625,1122.0596079618992,1105.8383850496557,1110.343003210938,8364414,1103.0173863002233,1115.216064453125,0.10177675189200208,1.7574454895574771,16.221222912243547,21.0897216796875,57.466650226217496,0
2021-12-13,1096.4197998046875,1125.7453143246432,1093.8489128488443,1125.4723509045857,12901733,1098.2592599051338,1112.0764857700892,-2.0049131353052085,1.8690861807501082,31.89640147579894,-14.4920654296875,51.79029237500202,0
2021-12-14,1082.996826171875,1094.758924705155,1079.925506579218,1082.928585323525,12991523,1096.4327218191963,1107.4624488467261,-1.2242549464359986,1.5515808169993262,14.833418125936987,-11.4891357421875,52.17884750669936,0
2021-12-15,1079.8345947265625,1094.3039423247055,1074.3288697386265,1084.7486582787296,9366969,1097.1217564174108,1103.0293375651042,-0.29198898546085594,1.3585092060934458,19.975072586079023,-42.68017578125,38.59852033794574,1
2021-12-16,1093.80322265625,1099.0813569765323,1077.7640971670985,1094.6222331236886,9761279,1098.5550188337054,1100.5592564174108,1.2935895921379226,1.4131042960990685,21.317259809433835,-35.9234619140625,49.085113165444696,0
2021-12-17,1064.9329833984375,1095.669050195776,1055.627915388533,1091.1416846044397,21049821,1093.5076381138392,1097.8822719029017,-2.6394362952874117,1.598193432047609,40.041134807243,-30.849609375,40.09410962730126,0
2021-12-20,1036.2215576171875,1054.6494737766875,1022.4573675126572,1054.6494737766875,14325846,1081.8658272879463,1093.6365734281994,-2.6960781785183796,1.5038793011396654,32.19210626403026,-38.789794921875,38.07835830215353,1
2021-12-21,1051.646484375,1067.458141823185,1042.9785726603925,1051.6919782743073,12836561,1072.2650669642858,1092.499035063244,1.4885741996414792,1.7539025691837105,24.479569162792586,-32.1239013671875,34.71085480246016,1
2021-12-22,1076.60400390625,1079.243131836174,1056.5380624164334,1057.8575060271485,17658543,1069.4342389787946,1092.0711088634673,2.373185276807388,2.038366986642809,22.70506941974054,-23.66064453125,39.35441700901831,0
2021-12-23,1076.2171630859375,1082.9285964305648,1072.9411209146308,1080.1984810516549,9072401,1068.4657156808037,1092.3711983816963,-0.03593157919801193,1.9919156157526192,9.987475515933966,-41.4970703125,45.46988496650745,1
2021-12-24,1079.6524658203125,1088.3886176795922,1063.6132198144076,1078.378396033955,7886494,1068.439697265625,1089.7678803943452,0.31920163069363294,1.994089564487273,24.775397865184686,-39.1993408203125,51.16838369696024,0
2021-12-27,1078.4921875,1082.0185663686743,1068.413724480792,1074.5336166000147,4017223,1066.252406529018,1088.8502662295386,-0.1074677599546714,1.9129987079478084,13.60484188788223,-17.9276123046875,48.6183724920676,1
2021-12-28,1091.30078125,1094.2356191315223,1079.766272622182,1080.9264873926504,6374613,1070.0192347935267,1087.9164050874256,1.1876389925170372,1.6190601882036586,14.469346509340312,8.303955078125,47.607442238718825,1
2021-12-29,1093.1663818359375,1100.6740785888855,1083.884061988693,1087.9337410579972,15425312,1078.1542096819196,1087.8535679408483,0.17095200681525036,0.9347479054243544,16.79001660019253,13.331787109375,42.85336563065061,0
2021-12-30,1073.4188232421875,1094.2811463385967,1067.276183900113,1092.0288372228872,29333171,1081.2645438058037,1085.5156656901042,-1.806454984517969,1.2792611593501149,27.004962438483744,-20.3843994140625,38.0661942142427,1
2021-12-31,1077.5367431640625,1084.703115610681,1073.828388538488,1079.7435583793856,9477290,1081.3977922712054,1083.0304303850446,0.383626580111307,0.9094972883115328,10.874727072192854,12.603759765625,44.512016870164445,1
2022-01-03,1093.7806396484375,1095.6462506930534,1075.4437086416906,1076.1034905748938,5421611,1083.9068603515625,1082.9350992838542,1.5075027916613415,1.068088219049721,20.202542051362798,57.55908203125,53.083539447147245,1
2022-01-04,1118.4649658203125,1119.7845295836617,1093.8487950722674,1099.2635318209975,10847728,1089.4515032087054,1085.0043189639136,2.256789458241748,1.315520230773821,25.93573451139423,66.8184814453125,59.83546436097142,1
2022-01-05,1123.69775390625,1127.0649046036283,1107.0215901475167,1120.239735754301,11643813,1095.9094412667412,1086.9056222098213,0.46785444746582083,1.287961747101417,20.043314456111602,47.09375,57.96562074308843,0
2022-01-06,1099.5364990234375,1116.5994791465537,1096.1238548571223,1115.3254092772324,14447422,1097.085972377232,1086.8709484281994,-2.1501560182728863,1.6098112817291972,20.47562428943138,23.3193359375,59.45770470362932,1
2022-01-07,1108.4093017578125,1118.4422714413886,1097.2842377517782,1106.111498715673,13112115,1099.2635323660713,1086.4278564453125,0.8069584540627339,1.6310671387862745,21.15803368961042,28.7568359375,72.12995617133893,1
2022-01-10,1109.3193359375,1117.9646215781718,1099.3318598320666,1115.6895654128748,9246731,1104.3921770368304,1085.9739292689733,0.08210271947775016,1.3787143061383116,18.63276174610519,30.8271484375,69.40739694020569,1
2022-01-11,1117.3048095703125,1126.1319502273575,1107.9542483452858,1108.409307707792,16205164,1110.0733293805804,1086.9684535435267,0.7198534609571094,1.3806835325227302,18.177701882071688,26.0040283203125,65.46234317190871,1
2022-01-12,1147.1307373046875,1148.8826135216357,1121.6045672988505,1124.4711644227357,14800442,1117.6947719029017,1090.022449311756,2.6694530873670352,1.5744275982827867,27.27804622278518,53.96435546875,72.01577156994125,1
2022-01-13,1153.592041015625,1156.1856749337926,1141.3522552982324,1147.19918473575,11856712,1122.712925502232,1093.5347086588542,0.563257831109909,1.4163042082475419,14.833419635560176,80.1732177734375,72.53187017576491,1
2022-01-14,1155.275390625,1168.1522095010407,1149.2919803342058,1153.4553940360954,19930176,1127.2240164620537,1096.4619547526042,0.14592243614068856,1.4208977165206829,18.86022916683487,77.7386474609375,73.32406315586506,1
2022-01-17,1161.304443359375,1167.105878804206,1154.3655399895374,1154.8205993720844,8036453,1136.0480085100446,1101.0510718936011,0.5218714761259902,0.8733795385243801,12.740338814668576,67.5238037109375,72.17814292520838,0
2022-01-18,1147.44921875,1165.8998821993202,1144.696356607209,1162.4418646639435,6215029,1141.6251395089287,1106.3476271856398,-1.193074278549655,1.1493359779294745,21.20352559211119,28.9842529296875,65.98331812943941,0
2022-01-19,1147.3583984375,1156.6405988874542,1141.625203833563,1151.1804880553775,9755485,1147.059291294643,1110.9053373790923,-0.007914974450806689,1.155296675308409,15.015395053891098,23.66064453125,74.62121858799102,0
2022-01-20,1127.2696533203125,1142.0575796806486,1117.0545865844654,1137.5529609143537,16494486,1148.4828404017858,1113.3179873511904,-1.7508692266117398,1.419938547987195,25.002993096183218,27.733154296875,64.96852073927765,1
2022-01-21,1127.4515380859375,1138.5538554378695,1115.6895591579548,1115.6895591579548,13338594,1145.6715262276787,1115.7577194940477,0.01613498288446369,0.8836539149557195,22.864296279914697,19.042236328125,61.218921741846685,0
2022-01-24,1081.97314453125,1139.6914253053906,1071.5988501296624,1126.1547030087693,21868937,1135.4402553013392,1115.8682280040923,-4.033733780867932,1.6010907336540392,68.09257517572814,-27.34619140625,39.320949858572895,0
2022-01-25,1079.8572998046875,1086.8644436444313,1048.802657948011,1069.0734401117095,24510205,1124.6662423270088,1115.9332333519346,-0.19555427389827962,1.5687797236505883,38.0617856964202,-37.447509765625,36.932030299965,0
2022-01-27,1063.8636474609375,1072.053874198635,1051.555620579178,1062.9081551085756,20020431,1110.746128627232,1114.6267031715029,-1.4810894315983036,1.4325311665759575,20.498253619457046,-83.26708984375,38.82236933701954,0
2022-01-28,1062.8397216796875,1081.0629157010064,1059.4499449788068,1076.103358864866,14667727,1098.6590576171875,1113.1825764973958,-0.09624596006205799,1.4964602409480152,21.612970722199634,-90.7523193359375,34.982702024265436,1
2022-01-31,1085.9317626953125,1094.9409997464795,1072.0993294430996,1073.91944662709,12143683,1089.883823939732,1113.7784307570685,2.1726738796637113,1.9227114566128884,22.841670303379942,-69.3436279296875,43.27578642950651,0
2022-02-01,1082.3370361328125,1101.4019884840088,1067.958677458383,1095.668914786197,13200509,1083.464878627232,1114.0070161365327,-0.33102692876187945,1.8759383653416764,33.44331102562592,-78.9674072265625,39.68592879785348,1
2022-02-02,1084.5438232421875,1095.2138271372608,1080.6989871423398,1095.2138271372608,10017691,1077.335205078125,1113.5671677362352,0.20389093560539973,1.8869277275515284,14.514839994920976,-62.9053955078125,27.94616357395411,0
2022-02-03,1070.5294189453125,1092.6885576552872,1068.0041465713057,1088.3886622160464,9572839,1075.7003871372767,1111.2845226469494,-1.2921934546618608,1.1995874740237231,24.68441108398156,-76.8289794921875,22.210351347929603,0
2022-02-04,1060.76953125,1068.573059435484,1056.1284310635565,1065.183161923649,11061241,1072.9735630580358,1108.2879406156994,-0.9116879482796381,1.234579645327818,12.444628371927593,-66.5001220703125,20.00297571076092,0
2022-02-07,1054.308349609375,1072.372315976767,1048.8026250078512,1065.638135750538,10714467,1071.6085205078125,1106.1342192150298,-0.609103245359166,1.1288862188610902,23.569690968915666,-73.1431884765625,16.13137061549257,1
2022-02-08,1072.031005859375,1073.8283759531455,1051.077695211511,1060.4737500675897,12060849,1072.9215611049108,1104.4019194103423,1.6809746651979207,1.3197262672939767,22.750680741634596,-9.942138671875,26.697594423951656,1
2022-02-09,1084.5211181640625,1086.204633140618,1072.918368570495,1078.901658786714,11486225,1072.7200404575892,1103.2210518973213,1.1650887181826386,1.0958208237288363,13.286264570122967,4.663818359375,31.96655094255017,0
2022-02-10,1083.4063720703125,1090.0721909727154,1076.1488917844267,1090.0721909727154,12464491,1072.872802734375,1101.6068405877977,-0.10278694209635564,1.0881649441954866,13.923299188288638,19.542724609375,35.87336158702951,0
2022-02-11,1081.2906494140625,1084.976257286365,1066.5937118273357,1079.857350777376,15943370,1072.4080636160713,1098.4715983072917,-0.19528430982060918,1.087330269508358,18.38254545902919,18.450927734375,35.31629663915406,0
2022-02-14,1064.0684814453125,1071.5306852913077,1052.442863231321,1064.841998172486,10719633,1071.485072544643,1094.2085716610864,-1.5927417829870727,1.149284256116336,19.087822059986593,-21.86328125,43.056324839491865,1
2022-02-15,1100.1962890625,1102.903657466319,1062.77153947328,1069.824176996969,11212671,1077.117466517857,1091.5857573009673,3.395252114611602,1.6667160686387854,40.132117993038946,17.8592529296875,56.24125807328872,0
2022-02-16,1097.9212646484375,1107.0442358991004,1090.1860980638264,1105.6791781831728,10392840,1083.3478829520088,1088.5675106956846,-0.20678350187866013,1.627176292832797,16.858137835273965,13.37744140625,61.41178972857119,1
2022-02-17,1111.8218994140625,1117.0090469039765,1096.5790346237516,1101.174641012644,12853252,1089.0322963169642,1086.8709716796875,1.266086668799149,1.5879819235107435,20.4300122802249,41.29248046875,65.1088254740923,0
2022-02-18,1103.1312255859375,1117.6915612787002,1101.1973736454247,1112.2314504381943,6775458,1091.690883091518,1084.764915829613,-0.7816606088353772,1.628716506494938,16.494187633275487,42.3616943359375,55.82256824774987,0
2022-02-21,1091.9832763671875,1109.0917498883975,1085.0216268966433,1097.488880416598,11107193,1092.9161551339287,1083.0846121651787,-1.0105732627438524,1.6966381890285807,24.07012299175426,37.6749267578125,53.106684510058926,0
2022-02-22,1087.023681640625,1090.1633625619224,1067.9814753307442,1070.5977356852184,13494914,1093.7351597377233,1081.1594761439733,-0.4541822969177822,1.7075679284800915,22.18188723117828,14.99267578125,50.78475258371532,0
2022-02-23,1080.2213134765625,1095.0092390254035,1077.468571284383,1092.5294602510214,7310110,1096.0427071707588,1081.0760556175596,-0.6257792060055056,1.583556645399444,17.54066774102057,-4.2998046875,53.21369475323734,0
2022-02-24,1026.3934326171875,1064.6828130643278,1020.7740927277777,1048.8027920240986,24846650,1085.4994419642858,1078.5301571800596,-4.983041918154385,1.9195814297846852,43.90872033655012,-57.012939453125,41.17921594005065,1
2022-02-25,1039.2247314453125,1050.1449523145036,1035.721099403046,1037.4728552470633,14570089,1077.114222935268,1077.3568754650298,1.2501345410411036,2.0878415998875086,14.423852911457516,-42.06591796875,46.252119395922875,1
2022-02-28,1073.62353515625,1077.1726610969984,1020.5919703644312,1020.5919703644312,21297446,1071.6573137555804,1077.8703903924852,3.3100447545255207,2.5175720457748767,56.58069073256718,9.5550537109375,50.36541861522983,1
2022-03-02,1091.3690185546875,1092.4838597770895,1059.8139450476658,1062.2027357830907,21471786,1069.9769984654017,1078.1293073381696,1.6528590159729406,2.632971463172469,32.66991472942368,-8.8272705078125,51.534301755675756,0
2022-03-03,1082.1551513671875,1098.785820478749,1078.4013026500006,1092.0288927878123,10186748,1068.5729806082588,1078.1206461588542,-0.8442485567074276,2.624362513547952,20.384517828748358,-15.76611328125,49.7294766468406,0
2022-03-04,1058.1531982421875,1075.7848524224223,1055.787154408625,1070.643199306108,10805667,1064.4486258370537,1076.8639497302827,-2.2179770705407664,2.7459832722233326,19.99769801379739,-53.668701171875,45.43000952854899,0
2022-03-07,1019.0222778320312,1052.0334004268125,1011.0367738665514,1036.835909210037,17983310,1055.7059064592634,1074.4112287248884,-3.698039232425021,3.0282126252104264,40.99662656026112,-84.10894775390625,41.81139685462452,0
2022-03-08,1017.1793823242188,1021.9570845268836,991.9262347785384,1006.2591006780564,21289374,1054.389613560268,1072.3355073474702,-0.1808493835613989,2.3984657024428806,30.03084974834519,-74.80389404296875,32.76007569525687,1
2022-03-09,1071.143798828125,1077.01347494328,1016.565078233395,1017.406956117863,20414228,1058.9494803292412,1073.137195405506,5.305299875485048,3.15154893111397,60.44839670988506,-15.8798828125,45.42200964846303,1
2022-03-10,1088.50244140625,1094.3038764083778,1073.8283721325647,1092.028820377732,17980493,1061.0750383649554,1073.9215494791667,1.62057070181576,2.9569597467999023,20.475504275813137,8.2811279296875,46.05979415465214,1
2022-03-11,1091.6419677734375,1097.0339575128753,1081.1311923906428,1081.1311923906428,12257423,1061.1140311104912,1074.2606375558037,0.28842621272686664,2.89209736985171,15.902765122232495,65.24853515625,48.02158764858587,1
2022-03-14,1100.605712890625,1103.1311056498985,1080.1984500463022,1086.06812572994,8340678,1063.7498256138392,1075.0796537853423,0.8211250008526516,2.8757798349662598,22.93265560359623,61.3809814453125,51.49600852598842,0
2022-03-15,1075.398193359375,1104.7464533796308,1065.1148867530296,1104.7464533796308,15925769,1066.2133963448662,1074.799060639881,-2.2903315180006767,2.8863524108754435,39.63156662660117,1.774658203125,48.11537239185595,1
2022-03-16,1093.55322265625,1095.6235563592827,1081.6091471404573,1083.8387095081289,11149828,1076.8606741768974,1076.2030959356398,1.688214598925586,2.314601110639653,14.014409218825449,2.1842041015625,52.084531010583845,1
2022-03-17,1129.203369140625,1136.3469946247096,1098.8994972340938,1106.9304944761457,21422098,1092.8641008649554,1077.5843854631696,3.2600284783378397,2.3776047139809773,37.44749739061581,47.0482177734375,67.04384755672586,0
2022-03-21,1122.69677734375,1130.2499690830257,1109.7744623583417,1112.0495186610842,11999466,1100.2288120814733,1078.764171781994,-0.5762108026499124,1.7856611483464335,20.47550672468401,64.5435791015625,64.13441066918017,1
2022-03-22,1151.7037353515625,1153.4327442921551,1116.417558596963,1119.3750232146149,22557065,1109.257568359375,1080.663306826637,2.58368587076927,1.9028087901364878,37.01518569519203,132.68145751953125,63.46731880274217,1
2022-03-23,1155.366455078125,1167.0375661035232,1147.9953600851836,1147.9953600851836,15462187,1118.3610665457588,1083.1506987072173,0.31802620883611965,1.9014500653741855,19.042206018339584,138.18707275390625,61.601938395870754,1
2022-03-24,1173.316650390625,1175.8192962308133,1142.08015447494,1142.08015447494,13168266,1128.7483433314733,1087.023716517857,1.5536365309555489,1.9209865102204986,33.739141755873334,102.1728515625,66.01902991125553,1
2022-03-25,1181.1429443359375,1190.3114093068612,1172.5659000566366,1175.0685459381182,14222488,1143.854736328125,1091.5055861700148,0.6670231725346198,1.3271197008231603,17.745509250224586,92.6405029296875,72.91458849890219,1
2022-03-28,1193.018798828125,1196.5678044575318,1176.8885634283015,1187.5813149251485,9891424,1158.0641043526787,1096.8768949962798,1.0054544667211562,1.323749115046892,19.679241029230297,101.3768310546875,86.08231412113595,1
2022-03-29,1193.291748046875,1200.321638726132,1186.3983390664755,1200.321638726132,8684065,1167.2195870535713,1104.8244338262648,0.02287886989023047,1.0439888973074307,13.92329965965655,92.68603515625,86.7604435879737,1
2022-03-30,1216.2244873046875,1223.0724028520565,1190.8120505919685,1201.1863453712592,15811550,1180.5806884765625,1113.2529936290923,1.9218048976998192,0.9156719297525815,32.260352260087984,140.8262939453125,84.79004510846815,0
2022-03-31,1198.8428955078125,1214.7456618708436,1196.0446595036312,1212.584340487485,13223718,1187.3148542131696,1119.2158203125,-1.429143384162157,1.1069977686027148,18.701002367212368,105.2896728515625,76.45649780219202,1
2022-04-01,1208.443603515625,1212.6752582349072,1193.0415116671982,1199.4116203413212,7922880,1194.8973039899554,1124.7908005487352,0.8008312051384969,1.1029917236108637,19.633746567709068,79.240234375,77.16405020829276,1
2022-04-04,1212.015625,1217.1572786813151,1201.9826544660282,1208.2617761125623,7929162,1200.4257289341517,1130.974632626488,0.295588596272367,1.031163920075074,15.17462421528694,89.31884765625,76.57662484697627,0
2022-04-05,1194.8843994140625,1214.836726034793,1192.450114468768,1206.282427766636,13149870,1202.3887939453125,1137.4856422061011,-1.4134492355193484,1.242759891003723,22.38661156602484,43.1806640625,79.64550095009186,0
2022-04-06,1191.6993408203125,1198.72923220727,1177.1617516980632,1177.1617516980632,12257215,1202.2002999441963,1145.7083594912574,-0.26655788587681695,1.1925632003961308,21.56748050920669,36.3328857421875,76.30486717238374,0
2022-04-07,1170.6778564453125,1185.7614936648845,1168.015981475152,1180.8018153339476,15496499,1198.9697440011162,1153.017810639881,-1.7639922801777952,1.3634219902056064,17.74551218973238,-2.6387939453125,62.061698881229404,1
2022-04-08,1190.152099609375,1194.4065010347829,1164.830654298533,1164.830654298533,15152495,1195.2451171875,1158.6848725818452,1.6635014540374637,1.2962120363467837,29.575846736249787,9.0091552734375,68.24161589592858,0
2022-04-11,1187.67236328125,1200.5719293490686,1175.2959770389286,1183.0311432189874,9254209,1193.6493268694196,1163.407249813988,-0.208354573246472,1.1976460225167234,25.275952310139928,-5.346435546875,61.35611223263583,0
2022-04-12,1165.3087158203125,1184.214442712084,1162.7378287017318,1177.116189798847,13217742,1187.4872000558037,1166.9151901971727,-1.8829812120197964,1.2778317951610143,21.47661401035225,-27.9830322265625,52.80747363566233,0
2022-04-13,1161.031494140625,1179.6642564336455,1158.2331376653574,1171.4285360239392,10354235,1180.2037527901787,1169.7926083519346,-0.3670462274605546,1.2318467574896712,21.431118768288115,-55.1929931640625,46.2406520586016,0
2022-04-18,1157.4822998046875,1164.7397805103374,1147.4493300930017,1152.545489452205,9974224,1174.860595703125,1173.7013753255208,-0.30569320073134953,1.1808611027481308,17.290450417335705,-41.360595703125,42.56504834705545,1
2022-04-19,1201.5958251953125,1213.9722131143635,1160.7585471967582,1163.920854944009,26141820,1176.274379185268,1178.8462611607142,3.81116198477236,2.0038735986543714,53.21366591760534,-6.8477783203125,52.24112535030043,1
2022-04-20,1236.927490234375,1244.0029958076177,1205.3724131158556,1209.012527185881,25072240,1185.7386125837054,1183.9759812127977,2.9403951227376712,2.049120652576276,38.63058269176213,24.911865234375,59.63627031503399,1
2022-04-21,1265.8890380859375,1269.0285988217172,1243.092861615674,1251.6926535659309,21708633,1196.5581752232142,1190.7946602957588,2.341410315496728,2.1114038508380664,25.935737206043086,71.004638671875,60.68317357885737,0
2022-04-22,1255.2872314453125,1274.9437261640835,1248.6440386176955,1255.3327253469529,15054154,1206.2174421037946,1195.7272077287946,-0.8374988898438684,2.178962188470763,26.299687546387986,63.587890625,62.50632900436648,0
2022-04-25,1226.2574462890625,1255.1051538112451,1211.9928211860372,1247.825046254362,17063215,1214.9244035993304,1199.1029692150298,-2.312601007087889,2.2716745096966817,43.112332625207955,55.57958984375,53.63411105217415,1
2022-04-26,1262.9541015625,1271.7586153913803,1232.0360622414871,1233.0825422871724,12227666,1229.4847760881696,1203.3714192708333,2.9925734913569757,2.349206189338177,39.7225531498932,72.802001953125,59.15445744733129,1
2022-04-27,1264.1827392578125,1286.7740721528176,1253.5808548135026,1253.9449263825295,19338945,1244.7276960100446,1207.325695219494,0.09728284612975369,2.3098282999462953,33.19321733931497,76.5103759765625,63.20903280688806,1
2022-04-28,1283.0657958984375,1297.2394339221792,1267.7090756457555,1278.56117721433,25614076,1256.3662632533483,1211.6136474609375,1.4936967618867314,2.038448912776798,29.530358276423613,117.757080078125,66.43209412525093,0
2022-04-29,1269.5975341796875,1299.5828338743645,1263.7051102296844,1299.5828338743645,18214862,1261.033412388393,1215.2472563244048,-1.04969376954821,1.948022134406209,35.877723644680145,108.5660400390625,68.28737136667269,0
2022-05-02,1265.13818359375,1276.5362108883514,1254.9458650066724,1256.7432351242765,9467006,1260.9261474609375,1217.5764799572173,-0.3512412765371953,1.7545509520929066,21.590345881679013,107.6558837890625,64.6775921605583,0
2022-05-04,1225.64306640625,1269.4835388914837,1217.748671405608,1267.2084828840266,19247660,1256.6912667410713,1218.8526785714287,-3.1218026378201813,2.113083450786742,51.73486748587561,24.0472412109375,56.491617929166864,0
2022-05-05,1201.6412353515625,1242.18280014838,1197.591676403661,1239.2252151754035,17210669,1253.1746651785713,1218.5287562779017,-1.9583051307966892,2.061050531031986,44.59112374471897,-35.2862548828125,56.17694815975773,0
2022-05-06,1192.42724609375,1209.8769247815503,1180.0963532492094,1188.582409796725,19649948,1243.099400111607,1217.5959763299852,-0.7667837110397424,1.4755209614236602,29.7805715323409,-73.4617919921875,55.24952136800983,0
2022-05-09,1145.8568115234375,1181.711782557566,1140.715158224648,1171.6331985147317,18083752,1226.1956961495537,1215.2613292875744,-3.905515805922055,1.8050003386306133,40.996624332918145,-109.430419921875,48.300643798267025,0
2022-05-10,1125.9954833984375,1149.633416525882,1118.419545268301,1135.255056944122,19511677,1203.757080078125,1212.1325741722471,-1.7333167569684393,1.2863076555163548,31.213871257581104,-100.261962890625,38.10580284745679,0
2022-05-11,1114.4610595703125,1130.6822844670523,1102.0164305530109,1125.0855713281494,16643899,1181.5947265625,1209.4555838448662,-1.024375674519784,1.288936254443488,28.665853914041463,-148.4930419921875,29.1728167626393,0
2022-05-12,1091.7559814453125,1107.8860980458353,1078.3786071325271,1104.5418146447614,20490321,1156.8258405412946,1204.770054408482,-2.037314622168507,1.1100704750328552,29.507490913308175,-172.4267578125,19.742275519822712,1
2022-05-13,1104.1322021484375,1127.5197990708434,1099.0132956252585,1103.8592387327842,19308778,1139.4671456473213,1200.7919514973958,1.1336068602748384,1.5293366227374283,28.50650344558494,-178.93359375,23.89595671102994,1
2022-05-16,1104.4052734375,1128.8848441001169,1099.6048242868326,1107.704062756325,13437911,1125.5762939453125,1197.8917875744048,0.02473175662580651,1.6056340177239818,29.280019813284298,-165.1922607421875,26.63585504588272,1
2022-05-17,1150.7935791015625,1155.685015762583,1106.5891549718588,1107.9997065605392,16551828,1119.628627232143,1197.4042678106398,4.200297370880635,2.607366263542205,49.095860790724146,-114.3446044921875,29.264790907749173,1
2022-05-18,1154.979736328125,1169.3808421611643,1141.2839062872033,1155.5712773721964,17276788,1120.9319022042412,1197.2850981212798,0.36376265062503244,2.1268919340148114,28.096935873961,-70.663330078125,30.02992639170222,0
2022-05-19,1128.361572265625,1143.2177387581737,1122.0824507846328,1130.2499303127915,14699118,1121.2699148995537,1193.7977527436756,-2.304643382499816,2.219375407829626,21.135287973540926,-73.2796630859375,22.48741422241713,1
2022-05-20,1194.1563720703125,1203.2338502041005,1138.440180194292,1143.2177622581032,21793091,1132.6549595424108,1191.7610328311011,5.831003237072219,3.0302324859247047,64.79367000980847,1.7291259765625,38.688743981193724,0
2022-05-23,1186.1708984375,1207.3971730449673,1179.8461630484092,1197.364082975496,15252755,1146.1428048270088,1187.9649309430804,-0.6687125588894283,2.837337737652991,27.55100999655815,40.3140869140625,38.283938364351584,1
2022-05-24,1190.2432861328125,1200.3217504414995,1181.9848186867473,1186.2164738705717,13527818,1158.4443882533483,1184.8676002139136,0.3433221722668245,2.857266573966649,18.336931754752186,64.247802734375,44.13097937023919,0
2022-05-25,1188.4913330078125,1208.8303542214992,1183.713631415914,1198.9566141177693,12714544,1170.4566824776787,1183.0692138671875,-0.14719285925923753,2.868893761541557,25.11672280558514,74.0302734375,47.646185835162214,0
2022-05-26,1177.1614990234375,1198.911070835196,1159.370497798524,1194.1333694401033,17882023,1174.2235281808037,1178.983851841518,-0.9532954654117409,2.5843209320959377,39.54057303667196,85.405517578125,47.28799511107429,0
2022-05-27,1171.701416015625,1185.3744993862058,1155.7760235250337,1179.868894988702,16521973,1176.612339564732,1174.5799793061756,-0.46383465755056585,2.602561181680284,29.59847586117212,67.5692138671875,55.376736489400116,1
2022-05-30,1212.51611328125,1216.7021540363792,1180.392243237482,1189.8564191042008,13853398,1188.6344168526787,1171.220470610119,3.483370140868791,2.5810208296860546,36.309910798897135,108.11083984375,66.55639611995929,0
2022-05-31,1197.887451171875,1218.8862574674567,1190.1750310186887,1201.8687694825662,70620653,1189.1674281529017,1167.8057047526042,-1.206471563481959,1.5957575154560937,28.711226448768002,47.0938720703125,65.77745088397532,1
2022-06-01,1198.274169921875,1208.1479107227306,1190.4024014083636,1198.638121118035,9776989,1190.8964669363838,1164.6217041015625,0.032283396042065426,1.564436611520282,17.745509314366927,43.29443359375,72.00184164570105,1
2022-06-02,1239.58935546875,1243.2977103658052,1198.501741229144,1198.501741229144,22126569,1197.9459054129463,1165.2858131045386,3.447890857028879,2.004690665914991,44.79596913666114,111.227783203125,74.99158812960091,1
2022-06-03,1264.7059326171875,1281.9281427980586,1247.642951094485,1248.553069849641,23939791,1208.833705357143,1168.2888939267114,2.0262014220781666,2.037897501036907,34.28519170357367,70.549560546875,77.09163453464791,0
2022-06-06,1259.2686767578125,1280.403966122388,1252.1021829834976,1264.9336309179137,11093152,1220.5633021763392,1171.4718191964287,-0.4299225392359052,1.9665165919740335,28.301783138890414,73.0977783203125,71.27814248579108,1
2022-06-07,1261.634521484375,1269.9839758549958,1252.215840132052,1260.337704653236,12358255,1233.410888671875,1176.9850434802827,0.18787449971786607,1.900866390219858,17.768135722943725,71.3912353515625,71.07155466975881,0
2022-06-08,1239.4755859375,1265.3884552322884,1235.949206752914,1261.6346065371608,12479250,1237.262241908482,1182.3888578869048,-1.7563672497486804,1.825665293254583,29.439248479374328,50.9842529296875,72.3462965745266,1
2022-06-09,1273.46484375,1275.3985751416717,1233.0825097662923,1233.0825097662923,17278305,1248.0590122767858,1189.9604666573662,2.742228906976951,1.88142526307286,42.31606537537937,96.3033447265625,68.28961377285796,0
2022-06-10,1235.0164794921875,1269.4381532361936,1229.215044054509,1261.24792684013,18093057,1253.3079136439733,1196.7823951357886,-3.019193222844907,2.396944805285813,40.22310918168455,63.3150634765625,59.87674280724082,0
2022-06-13,1211.6513671875,1216.1559851600953,1190.4478410589338,1205.7818119372728,17620803,1249.3167724609375,1201.902355375744,-1.891886682701982,2.1201474331107564,25.70814410116145,-0.86474609375,54.01549368076351,0
2022-06-14,1195.817138671875,1215.72397128612,1189.151198531051,1205.8047355842043,14714312,1239.4755161830358,1206.2553013392858,-1.3068304088476923,1.8684452061912102,26.57277275506908,-2.0703125,51.30514625127932,0
2022-06-15,1181.3477783203125,1200.0032876716657,1175.933161306616,1191.0167974504632,11195535,1228.343959263393,1207.7102632068452,-1.2099977399247508,1.8672080700464195,24.070126365049646,-16.9263916015625,50.737565650526285,0
2022-06-16,1164.830810546875,1209.8997420887065,1162.1006949883244,1193.4965424947006,17111475,1214.514857700893,1208.1793619791667,-1.3981460901312248,1.80946077566852,47.79904710038204,-74.758544921875,48.83488698296092,1
2022-06-17,1178.4810791015625,1194.3382305909047,1163.0562400137392,1164.830742811065,24457187,1205.8013567243304,1210.5660051618304,1.171867058382392,1.9692555943926464,31.281990577165516,-86.224853515625,43.64265430896771,0
2022-06-20,1157.118408203125,1190.8120593552974,1147.1308115234451,1185.3063342518617,12066797,1189.1804373604912,1208.8022925967261,-1.812729222154652,1.2700079000725657,43.68124783185226,-102.1502685546875,42.5716919140471,1
2022-06-21,1175.796630859375,1180.0281654943678,1150.4069416324685,1164.830795221328,11720049,1180.720458984375,1208.3082798549108,1.6142014960469853,1.4510509121512063,29.621223861899352,-85.837890625,46.160419306166396,0
2022-06-22,1140.078125,1164.057262227865,1137.985044485591,1163.966274425617,10617206,1170.4957101004463,1205.9194626581102,-3.0378132511970857,1.6589274867950015,26.072217742274006,-99.3974609375,32.670285686589125,0
2022-06-23,1121.581787109375,1148.905326422505,1112.5043100555831,1144.377961370299,19446323,1159.890659877232,1202.7332938058037,-1.6223745974097148,1.6774599847580725,36.401016366921795,-151.883056640625,24.48688628396478,1
2022-06-24,1137.5528564453125,1142.5351607614082,1122.9696539988313,1128.429884986889,14240234,1153.634242466518,1200.84716796875,1.4239772363903391,1.8794111346665623,19.565506762576888,-97.463623046875,29.088435864933942,0
2022-06-27,1134.1856689453125,1157.9828298757552,1129.135003587969,1157.9828298757552,15474529,1149.2563650948662,1199.0607038225446,-0.296002729097089,1.839621265527428,28.84782628778612,-77.4656982421875,28.17854591496568,1
2022-06-28,1150.1339111328125,1152.9777615415514,1129.38544140432,1129.38544140432,13572847,1145.2067696707588,1196.090122767857,1.406140336998818,1.874061315358263,23.592320137231354,-45.6832275390625,34.37075975387407,1
2022-06-29,1173.999267578125,1181.6663139665932,1137.985067118919,1140.8061704616557,19205146,1147.6183210100446,1194.9525902157739,2.0750067634999647,1.9371461689575433,43.681246847674174,-7.3485107421875,31.96073621587732,1
2022-06-30,1181.0518798828125,1190.2658381550734,1167.560773223342,1173.9308815535303,23112959,1148.3690708705358,1194.1324811662946,0.6007339612090767,1.8518612434878734,22.705064931731386,16.2210693359375,38.95508561046613,0
2022-07-01,1095.9874267578125,1179.391106293829,1076.103462886294,1171.610445710058,81997149,1142.0703996930804,1187.2942940848213,-7.20243154207928,3.198941882708157,103.28764340753492,-82.49365234375,31.10038436758866,1
2022-07-04,1098.262451171875,1111.139270756361,1076.6038647303487,1082.45079365179,41857728,1138.7390659877233,1179.3684140159971,0.2075776015781905,3.1681232142231144,34.5354060260122,-58.85595703125,33.32035140534589,1
2022-07-05,1107.157958984375,1121.5590649917854,1099.8094906293034,1102.4941121326235,17647327,1134.396937779018,1172.1250465029761,0.8099619360571131,3.122054574529538,21.749574362482008,-68.638671875,37.068745779214005,0
2022-07-06,1097.420654296875,1111.11648393539,1086.568674692882,1101.1745026432604,23943726,1129.1447928292412,1164.3053385416667,-0.8794864913794442,3.128382238054149,24.547809242508038,-42.657470703125,37.966029153980195,0
2022-07-07,1086.6141357421875,1107.1578795789185,1080.6534724660446,1103.8135967687947,23301033,1120.0705392020088,1157.0262218656994,-0.9847198075209618,3.023770841933737,26.504407112873878,-34.9676513671875,33.43181535984979,1
2022-07-08,1088.1158447265625,1100.2191487523794,1084.0889121323955,1100.2191487523794,19010108,1107.801478794643,1148.2000790550596,0.1382007591268275,2.800691194944675,16.13023661998386,-49.43701171875,36.59509561804196,1
2022-07-11,1102.9036865234375,1105.1331283386687,1078.3785026593284,1081.336087585235,13847467,1096.637451171875,1141.9089936755952,1.3590319329088718,2.8882221556480907,26.75462567934028,-31.281982421875,35.62199414322939,0
2022-07-12,1101.333740234375,1110.0927598985188,1093.8487904297283,1093.8487904297283,10778989,1097.4012102399554,1136.655773344494,-0.1423466353631775,0.8457470143531197,16.24396946879051,-48.8001708984375,41.16792610970678,0
2022-07-13,1081.8138427734375,1107.499363443423,1079.7436294761944,1104.4507905221294,14224132,1095.0514090401787,1131.2270449683779,-1.7723871291533744,1.0891480120048302,27.75573396722848,-92.1854248046875,40.97670577012882,1
2022-07-14,1090.73193359375,1107.4764556314449,1081.5407222618398,1086.5686402982146,16970315,1092.704833984375,1126.9120047433037,0.8243646427604556,1.0914077884462752,25.935733369605032,-90.3199462890625,39.025130004984455,1
2022-07-15,1092.847900390625,1098.8540583216684,1084.33921677306,1098.8540583216684,9603210,1092.0515834263392,1123.4842471168154,0.1939951267313944,1.056213386740444,14.514841548608501,-3.1395263671875,40.253214543315245,1
2022-07-18,1102.15283203125,1103.4040345430285,1088.525123257814,1101.584037969047,15160908,1094.2713971819196,1119.8495686848958,0.8514388541442042,1.0139473606379352,14.878911285214599,3.890380859375,38.32094991505032,1
2022-07-19,1108.909912109375,1113.4145306244031,1092.1653876854057,1092.1653876854057,16439888,1097.241978236607,1117.5539260137648,0.6130801356897031,1.0243729835171844,21.249142938997466,1.751953125,32.71721303505099,1
2022-07-20,1138.89501953125,1156.8679986086788,1131.2735877067614,1155.730530749646,23924246,1102.3835972377233,1115.7967064267114,2.704016538623688,1.3392643123350325,25.5944109019174,41.474365234375,40.02154324280125,0
2022-07-21,1131.2962646484375,1137.5300117770723,1122.651100250388,1134.7998965175696,16523230,1106.6639578683037,1115.3785226004463,-0.6672041542459262,1.392719737409836,14.878911526684305,44.68212890625,63.19722887850246,1
2022-07-22,1138.940673828125,1144.9468316984942,1135.255066011831,1137.5301221641157,10969995,1114.8249337332588,1116.2051362537202,0.6757212428402326,1.014515344434978,9.691765686663075,50.8248291015625,64.61740915551033,0
2022-07-25,1101.31103515625,1122.7194053701078,1093.3938930172108,1122.7194053701078,23110452,1116.3362339564733,1114.4793352399554,-3.3039156065431396,1.830532357489993,29.32551235289702,-1.5926513671875,48.25857116887839,1
2022-07-26,1101.8116455078125,1112.003964591019,1097.193292295004,1101.629669898458,11303288,1117.6167689732142,1112.9377150762648,0.04545585539252883,1.8308313810199675,14.8106722960149,0.4779052734375,51.383943926628774,0
2022-07-27,1100.7650146484375,1104.3140199617678,1092.938740621378,1101.106218869249,8655086,1117.4185093470983,1110.5868152436756,-0.09499181313269434,1.8035229683288283,11.375279340389852,18.951171875,54.75242491575313,1
2022-07-28,1118.0101318359375,1122.9469424061926,1101.5841851617515,1108.4093537574902,12496073,1118.718540736607,1107.920665922619,1.566648372541879,1.8917529744296115,21.362757244441127,27.2781982421875,59.0795639922883,1
2022-07-29,1141.829833984375,1145.3107190485075,1121.149607208918,1126.0181765545474,15130683,1119.1377999441963,1106.0529494512648,2.1305443904450216,1.7703384121660097,24.161111839589466,48.98193359375,61.207840071868965,1
2022-08-01,1171.587646484375,1177.4573222630406,1140.9880650198957,1146.2434528105707,15700044,1124.8937116350446,1109.6529599144346,2.6061512507657314,1.970249995588429,36.469257243144966,69.434814453125,67.40304226660473,1
2022-08-02,1176.046875,1186.5803984650074,1165.5360984864087,1170.5185233262116,13917913,1130.1945975167412,1113.3569800967261,0.3806141630979143,1.9694684311005226,21.0442999785987,67.136962890625,75.22525907980187,1
2022-08-03,1185.9205322265625,1187.581300270372,1168.220637135406,1183.0311881851292,14250977,1142.2816685267858,1117.1075788225446,0.839563238205332,1.0540705700256705,19.36066313496599,47.0255126953125,75.351359435094,0
2022-08-04,1170.245361328125,1191.107684300821,1153.455464512121,1187.5813052958538,14467127,1152.0579136439733,1120.5754220145088,-1.3217724520721008,1.357937942930718,37.652219788699995,38.9490966796875,69.22461177223971,0
2022-08-05,1153.0003662109375,1173.384882192994,1149.7925649671015,1172.1109326876474,13942438,1159.5201067243304,1123.7366710844494,-1.4736221725002996,1.6000214371120733,23.59231722589243,14.0596923828125,62.150650174992144,1
2022-08-08,1168.083984375,1175.546187127536,1151.6352925910844,1151.6352925910844,10165178,1166.6735142299108,1127.544677734375,1.3082058433017796,1.5788716175353885,23.91089453645168,66.77294921875,63.59920506674566,1
2022-08-10,1175.0684814453125,1178.435511229753,1163.4883590271854,1172.5203418043282,10724688,1171.4218924386162,1130.9810965401787,0.5979447679911098,1.4374161308605622,14.947152202567622,73.2568359375,59.29603912999014,1
2022-08-11,1178.981689453125,1187.5358669102814,1174.0220116644236,1184.4418001629217,8198226,1172.4781842912946,1134.6786179315477,0.33301957031468543,1.0712332911158151,13.513855245857712,78.2166748046875,62.491054726845405,1
2022-08-12,1198.0465087890625,1201.8458509440902,1174.9319985812028,1178.6174856399732,12650587,1175.6209891183037,1140.2135067894346,1.617058136397409,1.2180791499055892,26.913852362887383,80.036376953125,64.60855487255549,1
2022-08-16,1206.3731689453125,1209.1032840649636,1195.4529491751475,1204.052619235297,6607378,1178.5427943638392,1145.7202322823662,0.6950197755399623,1.208027669815307,13.650334889816122,64.5433349609375,80.36552846813498,1
2022-08-17,1212.67529296875,1218.0216687174443,1208.3071564277768,1212.6070521185068,6595965,1184.604213169643,1151.4262985956102,0.5224025356057371,0.9891731301411909,9.714512289667482,41.087646484375,81.00261690563369,1
2022-08-18,1214.87451171875,1218.3894546289891,1205.24240897424,1214.2810405952932,7410035,1193.4433768136162,1156.7939976283483,0.18135264755134717,0.5225828026777115,13.147045654749036,38.82763671875,81.70591982221607,0
2022-08-19,1193.213623046875,1215.0569809988342,1189.1507309375147,1209.7159828214287,9460724,1197.0333251953125,1160.8084600539435,-1.7829733411091286,1.0313648098267505,25.906250061319497,7.2930908203125,70.39520685310362,0
2022-08-22,1189.904052734375,1201.1795211355932,1180.500282384016,1194.6517009933089,9471680,1199.1526925223213,1163.2374616350446,-0.2773661185705323,1.0435012963238064,20.67923875157726,19.65869140625,64.66970224330703,1
2022-08-23,1208.25537109375,1211.1769638327753,1182.9425882434618,1184.152351743722,9678484,1203.3346470424108,1166.9021809895833,1.5422519418438974,1.165256915938879,28.23437558931346,55.2550048828125,62.02622867858898,0
2022-08-24,1205.036865234375,1218.8459658923068,1203.0283609817775,1205.1967341552863,10369622,1204.3332693917412,1170.0496186755952,-0.26637629232812987,1.0360467967908389,15.817604910529326,36.952880859375,59.586113806593694,0
2022-08-25,1201.5220947265625,1215.6049306697223,1197.2081689286076,1209.2368579891631,7871946,1203.6402587890625,1174.8215738932292,-0.29167327649589625,1.0063531535281107,18.396761741114688,26.45361328125,55.3854438625795,0
2022-08-26,1195.1080322265625,1209.715993824914,1190.0866510806784,1201.9554689456972,10742038,1201.130650111607,1179.2642589750744,-0.5338280942274065,0.9846146310489414,19.6293427442356,16.1263427734375,59.1684455124021,0
2022-08-29,1185.818359375,1211.9984634718255,1176.8710131510943,1180.0436382797463,19838975,1196.979771205357,1183.314418247768,-0.7773082098908923,0.9887301287051832,35.127450320731214,-12.2281494140625,62.856396851857696,1
2022-08-30,1204.2152099609375,1207.5477042577893,1176.2091689010513,1193.282179919688,23139054,1198.5514264787946,1187.419421968006,1.5514054442228309,0.9814443349075151,31.33853535673802,-2.157958984375,63.79621351883219,0
2022-09-01,1168.81396484375,1189.150886984996,1164.385933490136,1178.9710757031155,19909939,1195.5385567801338,1188.704380580357,-2.93977727771233,1.5303907793829168,24.764953494860038,-43.861328125,48.037649913711284,0
2022-09-02,1155.1646728515625,1175.638520959865,1152.973478456532,1168.8139049237643,12999345,1187.9541713169642,1187.9223342168898,-1.1677899479933251,1.3329429269847461,22.665042503333098,-59.7098388671875,42.957670731610484,1
2022-09-05,1173.1051025390625,1178.446101569222,1155.3929766209455,1155.3929766209455,11327815,1183.3924909319196,1187.782249813988,1.553062529449889,1.5721021475239036,23.05312494827649,-20.1085205078125,42.575840377661244,1
2022-09-06,1185.4532470703125,1189.6302455363334,1174.1093147173583,1174.5658588505653,10899618,1181.0969412667412,1187.759998139881,1.0526034286717945,1.6630620552109074,15.520930818975103,-4.4508056640625,43.91848924621289,0
2022-09-07,1178.5601806640625,1184.563114237557,1173.1963605855797,1175.478839783805,7488501,1178.7329624720983,1188.1559419177827,-0.581470962544095,1.6648468663413485,11.366753651977433,-29.6951904296875,40.11654841837756,1
2022-09-08,1180.226318359375,1185.978218827882,1173.6528558204227,1181.527366464761,7057077,1177.9340994698662,1189.452415829613,0.14137060819190417,1.6466713359427312,12.325363007459373,-24.810546875,39.9310093326125,0
2022-09-09,1172.8768310546875,1191.4561604892992,1170.4573041604865,1191.4561604892992,8314850,1173.4571881975446,1189.6806466238838,-0.6227184727505497,1.4906480281390706,20.998856328812735,-28.645263671875,43.553802853523415,1
2022-09-12,1186.0009765625,1192.3691689901582,1173.447281793324,1173.447281793324,7435419,1175.9124755859375,1190.2012416294642,1.118970480132253,1.045849242472475,18.921887196834177,-9.1070556640625,48.83529987731563,1
2022-09-13,1195.906982421875,1200.449119404543,1187.3477160754526,1195.1081207827935,8888657,1181.7328055245537,1191.0072079613096,0.8352443256907316,0.8629903893700513,13.101403329090317,10.088623046875,46.11958779970601,0
2022-09-14,1181.572998046875,1191.4561336808906,1174.451706778856,1175.4787801044877,8678219,1182.9425048828125,1190.2227550688244,-1.1985868956105317,0.9274344408753856,17.004426902034538,-22.6422119140625,43.10807729210859,0
2022-09-15,1169.8638916015625,1188.5116835520153,1167.1476896556203,1179.1307346574977,10365600,1180.7154541015625,1188.4842180524554,-0.9909761364441771,0.9012488050071468,21.36399389639496,1.0499267578125,41.12826091418486,0
2022-09-16,1140.8763427734375,1165.4359048168926,1137.133067391258,1161.213264147553,20217708,1175.3320486886162,1185.065220424107,-2.477856529825928,1.255523016851428,28.302837425634607,-14.288330078125,36.50920226023837,1
2022-09-19,1142.3599853515625,1151.6040077939597,1132.7278822878002,1140.876367867208,7580254,1169.922572544643,1181.6121477399554,0.13004411806087912,1.2546312706762746,18.876125506159497,-30.7451171875,38.75237346021275,1
2022-09-20,1142.54248046875,1158.4514907194557,1138.822026415054,1151.4898271317024,8411448,1165.5890938895088,1179.1992361886162,0.0159752722020734,1.2638446900756712,19.62946430440161,-42.9107666015625,32.37667548257875,1
2022-09-21,1145.6925048828125,1156.3060391967588,1138.95917313293,1139.7580348153278,9207309,1159.8307407924108,1177.0939243861608,0.2757030454368925,1.1319327746058958,17.346866063828884,-32.86767578125,41.89991199042757,0
2022-09-22,1134.896240234375,1142.6110027498532,1128.5053470017444,1134.8505978968233,10308170,1151.1149204799108,1173.6006324404761,-0.9423352777839678,0.9742086261657219,14.105655748108802,-45.330078125,42.754571184454086,0
2022-09-23,1113.62353515625,1139.3927402184245,1112.0714541784876,1134.394179751921,9528051,1141.4078543526787,1169.2476167224702,-1.8744184995918123,1.0570633294573133,27.321286039936922,-59.2532958984375,29.23169641220781,0
2022-09-26,1085.252197265625,1103.7175409409906,1084.2479451217905,1092.8756748841324,12479523,1129.3204694475446,1163.7109549386162,-2.547659688841286,1.2422158521759916,19.469595819200094,-100.748779296875,18.534950348020004,1
2022-09-27,1093.880126953125,1107.460896407162,1077.3777647816369,1092.8529328199063,16154822,1122.606724330357,1158.8905784970239,0.7950160994134592,1.2355591702638986,30.083131625525084,-102.02685546875,23.695444607160212,0
2022-09-28,1064.7554931640625,1085.5489575446488,1062.3132660155625,1077.491757249726,16997059,1111.5203683035713,1153.1256801060267,-2.6625068937110807,1.4028725891323497,23.235691529086353,-116.8175048828125,19.35801742886926,0
2022-09-29,1061.4915771484375,1080.7556609643932,1055.8766040342564,1077.3320028920632,14671827,1099.9416678292412,1146.3293166387648,-0.3065413643395076,1.369162554356828,24.879056930136812,-108.372314453125,19.78706834553813,1
2022-09-30,1085.4349365234375,1096.5048940159172,1054.96372509037,1054.96372509037,18613024,1091.3334437779017,1142.35888671875,2.25563347749973,1.8169563332420202,41.541168925547254,-55.44140625,24.23404618647858,0
2022-10-03,1081.6688232421875,1103.3294933419215,1078.7015883112226,1091.7117072217247,11852723,1083.729527064732,1138.8590843563989,-0.3469681281231485,1.8206394391559273,24.627905030698912,-60.691162109375,19.780353204447195,1
2022-10-04,1101.61767578125,1103.808870249341,1091.095426399377,1094.587668996287,8948850,1082.014404296875,1135.4549211774554,1.844266203334577,1.9485484863217013,12.713443849964051,-40.9248046875,29.45944284717936,1
2022-10-06,1105.680419921875,1118.4166846220046,1103.87730611944,1108.830344904405,13352162,1084.9327218191963,1131.656215122768,0.3687980167660143,1.6339434948457494,14.53937850256466,-40.0120849609375,32.83695217179272,1
2022-10-07,1110.359619140625,1115.6321543527151,1102.2795971833257,1102.2795971833257,7714340,1087.2869349888392,1128.4085693359375,0.42319635352505713,1.620330971034408,13.352557169389456,-24.53662109375,40.620237292129254,0
2022-10-10,1098.2396240234375,1103.6262649687026,1090.1139598954956,1097.8743645838504,6329527,1092.0703822544642,1124.5044410342261,-1.09153781425948,1.210747230978677,13.512305073207017,-15.3839111328125,37.27122765102637,0
2022-10-11,1076.373291015625,1101.982746487589,1073.2691292307711,1101.982746487589,9215177,1094.1963413783483,1119.9090343656994,-1.9910347914514737,1.5151937071256136,28.713617256817997,-8.87890625,33.032967610834206,1
2022-10-12,1084.2935791015625,1087.2379927529598,1069.6171531804475,1073.6800455545388,7417103,1094.0332903180804,1115.0658249627977,0.7358309753732639,1.2605198609815125,17.620839572512295,-9.5865478515625,34.632109230633844,1
2022-10-13,1087.740234375,1092.8529007335003,1077.3777331495853,1082.5361625931992,7328492,1094.900634765625,1109.915027436756,0.31787103971356867,1.2557789943002988,15.475167583914981,22.9847412109375,37.74621635064355,0
2022-10-14,1082.216552734375,1103.0556611703817,1081.48615457156,1102.4393688537991,9106089,1092.1290457589287,1105.1837681361608,-0.5078125701398539,0.9946771565897846,21.56950659882159,20.7249755859375,41.111149498355495,1
2022-10-17,1099.586181640625,1101.9827665257233,1069.845490552908,1075.0495620947684,16729355,1091.2584402901787,1101.8372105189733,1.605004919058306,1.209286073933062,32.13727597281536,14.1512451171875,54.32623935793161,1
2022-10-18,1118.9874267578125,1124.3512470169624,1104.7903646127031,1105.6348686623294,12415820,1092.4909842354912,1100.7948811848958,1.7644133257695316,1.3932078322854564,19.560882404259246,37.318603515625,57.115103478765626,1
2022-10-19,1138.4569091796875,1153.955017958595,1114.6277458530562,1120.4709308445554,19247142,1098.2363106863838,1100.6090204148065,1.739919677050028,1.3942174708650732,39.32727210553867,36.8392333984375,72.09520198730269,1
2022-10-20,1141.5155029296875,1149.9150215278255,1134.3942113183082,1134.3942113183082,8717053,1107.5423409598213,1100.5601167224702,0.2686613542715266,0.8827843435322371,15.520810209517322,35.8350830078125,74.02021996318314,0
2022-10-21,1128.2769775390625,1148.9106943491454,1126.177188586748,1144.7565172867282,8243452,1113.82568359375,1099.7308058965773,-1.1597324220869898,1.1672181153977121,22.7335057623975,17.9173583984375,63.74275783970216,1
2022-10-24,1132.0430908203125,1142.382770547029,1120.836206695688,1122.9816380159375,3370033,1120.1546630859375,1099.5949416387648,0.3337933287856698,1.166647817810185,21.546563851341034,33.803466796875,66.1589257716748,0
2022-10-25,1114.559326171875,1140.785075413764,1112.9387816840604,1140.785075413764,12233241,1124.7750592912946,1099.6395031156994,-1.5444433864940765,1.3746603201786265,27.846293729703575,38.18603515625,54.218097499490725,1
2022-10-27,1118.941650390625,1126.8391025996318,1110.5649536618178,1122.0686333408069,12513059,1127.5401262555804,1101.2437627883185,0.39318895960449574,1.2746407276157423,16.27414893781406,34.6480712890625,54.31327333279336,1
2022-10-28,1153.1790771484375,1157.2190279737692,1122.7306857391648,1125.2641978503823,17609592,1132.4246477399554,1104.0675223214287,3.0598044809450275,1.5860399442893023,34.48834223460449,65.4388427734375,61.68117362865418,1
2022-10-31,1163.8837890625,1169.065039404331,1155.9406944170405,1159.957944449031,12419943,1136.0570591517858,1108.7879173642114,0.9282783677044382,1.5027889306163194,13.124344987290442,81.667236328125,68.04712360616941,0
2022-11-01,1154.8680419921875,1186.8912136799254,1144.8936213637878,1186.8912136799254,13963166,1137.964564732143,1113.2344156901042,-0.7746260541677152,1.560027491933223,41.99759231613757,55.2818603515625,73.22079998728873,1
2022-11-02,1162.08056640625,1164.157654947125,1148.0890168960857,1155.986348539346,8981896,1142.7936488560267,1116.8842075892858,0.6245323406491199,1.4469589564662046,16.068638051039215,43.0931396484375,73.1081905339357,1
2022-11-03,1166.417236328125,1168.4258612328554,1152.6767205686606,1154.8679148064807,6693449,1147.7042410714287,1120.9198463076636,0.3731815200460842,1.4465921927854672,15.749140664194783,27.9603271484375,73.24964468396713,1
2022-11-04,1183.5816650390625,1186.8912175642852,1164.568612402097,1165.8467186255812,12575815,1157.5645751953125,1124.8228934151787,1.4715513605552566,1.1831949906337837,22.32260516218821,42.066162109375,78.02600288500935,1
2022-11-07,1189.904052734375,1191.5931814379082,1175.0223567357784,1182.7827614663586,11789748,1167.7020612444196,1128.8335425967261,0.5341741835029001,1.1749369135736292,16.570824702129812,61.6270751953125,76.5963167672213,0
2022-11-09,1188.7171630859375,1196.9112902936065,1182.348970740701,1191.5931131291466,11254205,1172.7789306640625,1132.5648542131696,-0.09974666828893586,0.720702116122991,14.562319552905592,56.674072265625,73.00103081160307,0
2022-11-10,1174.3375244140625,1185.3161961635597,1170.0007782161265,1182.3261403082447,5966242,1174.2723214285713,1136.1885637555804,-1.2096770466866302,0.9067037494048369,15.315417947433161,59.7781982421875,62.246800950631815,1
2022-11-11,1201.4078369140625,1203.325056528256,1181.413233492101,1186.8911590644095,12310132,1180.920863560268,1142.142589750744,2.3051560507279856,1.116718043224528,21.911823036155056,82.4661865234375,67.56358340946255,0
2022-11-14,1195.5875244140625,1206.0641314784764,1189.242152687652,1200.9285232071268,9043112,1185.7075718470983,1147.4423014322917,-0.4844576771656506,1.1845163800519174,16.82197879082446,42.408447265625,70.63686677475228,0
2022-11-15,1190.2237548828125,1198.9427700567662,1182.3263018305277,1197.0711926191022,7086433,1189.1085030691963,1152.3224690755208,-0.4486304366448368,1.2289983430905376,16.616468226238567,26.3399658203125,67.66466577617403,0
2022-11-16,1183.3990478515625,1194.1723297469184,1178.3775455967132,1191.4561277313169,9716161,1189.0824148995537,1157.1406831287202,-0.5733969771021696,1.1428785783024746,15.79478415020526,28.531005859375,72.34738818479457,1
2022-11-17,1186.4576416015625,1192.8257139314462,1177.761326971582,1180.020985015561,6661451,1188.5900704520088,1161.2774193173364,0.2584583581973332,1.1261640267060717,15.064386959864123,24.3770751953125,72.10766941961127,0
2022-11-18,1185.818359375,1190.9996093948082,1173.698388022442,1189.972415409292,5303197,1188.1759556361608,1164.4598446800596,-0.05388158870126558,1.1258649968336252,17.30122137236617,19.401123046875,63.70247225744029,0
2022-11-21,1164.477294921875,1181.413258441568,1160.916588888564,1181.413258441568,6390268,1186.7673514229912,1165.6989106677827,-1.7996908450947813,1.2447537059581317,20.496669553003812,-19.1043701171875,50.22873541588258,1
2022-11-22,1170.9366455078125,1172.511547625572,1157.903705618024,1161.783907991267,6611488,1182.4143240792412,1167.0999174572173,0.5546995732854443,0.7587670074084152,14.607842007547788,-18.9674072265625,56.317271643544515,0
2022-11-23,1167.28466796875,1176.80266503484,1165.0934735308952,1175.4787957552544,6413408,1178.371058872768,1168.9574265252977,-0.3118851522046828,0.7569964122958582,11.709191503944794,-21.4324951171875,52.104888959108905,1
2022-11-24,1177.3504638671875,1184.1522586948402,1163.2446877659072,1171.3703518394527,9389439,1176.532017299107,1171.1149204799108,0.8623257183659749,0.8779149517417091,20.907570928932955,3.012939453125,54.226267266754306,1
2022-11-25,1194.9254150390625,1198.257788225093,1178.719730929941,1181.8696555369409,7349922,1178.1786411830358,1174.9418770926338,1.4927544271012838,1.0441762145431257,19.53805729515193,-6.482421875,54.37108296816702,1
2022-11-28,1235.9874267578125,1242.1501079495758,1142.1545139312134,1190.954018527936,31527484,1185.2543247767858,1180.5154854910713,3.4363660862805956,1.629437965001693,99.99559401836245,40.39990234375,64.00721890391095,1
2022-11-29,1238.110107421875,1246.9889910362924,1229.8018737736188,1234.34401084029,11058913,1192.724574497768,1184.5598202659971,0.17173966483061687,1.6165924572560812,17.18711726267361,47.8863525390625,64.9282525074913,1
2022-11-30,1246.85205078125,1253.288707028199,1231.7192011093234,1238.247142030381,26164986,1204.492396763393,1188.5106898716517,0.7060715607579038,1.2171195910306207,21.56950591887562,63.4530029296875,72.68961197199506,0
2022-12-01,1243.17724609375,1257.6481612150444,1239.8448724818554,1251.6224067137043,9485801,1214.8124825613838,1192.7158900669642,-0.29472660250247085,1.3065151208708616,17.803288733188992,56.7196044921875,65.3112272339603,0
2022-12-02,1242.652099609375,1254.4525744381806,1232.8146073066555,1246.2356264230054,11589592,1225.5792585100446,1196.5526297433037,-0.04224228572595745,1.2694450680702702,21.6379671315251,56.833740234375,67.94904382688978,0
2022-12-05,1224.529296875,1240.1871538032583,1222.4979714298172,1238.0187806031995,14828536,1232.319091796875,1199.3198707217261,-1.4583971443070776,1.5535753541489334,17.6891823734411,60.052001953125,61.92281486547372,1
2022-12-06,1228.067138671875,1231.1713003979205,1214.737403586102,1216.6091015367565,8594245,1237.0536237444196,1201.4382266090029,0.2889144266212007,1.5005274798257886,16.433896811818613,57.1304931640625,65.88726981279366,0
2022-12-07,1209.9443359375,1230.258436618436,1206.132596960368,1225.693478313524,8462111,1233.3331821986608,1202.3925258091517,-1.4757175860901528,0.8536391138011843,24.125839658068116,42.65966796875,57.54507957895662,0
2022-12-08,1209.3736572265625,1216.5635327967686,1205.1967796428094,1214.281053698547,7757008,1229.2279750279017,1203.3761683872767,-0.04716569961008554,0.8373039147735334,11.36675315395928,32.023193359375,57.57045527481814,0
2022-12-09,1191.04541015625,1214.2811038799705,1187.7357368415526,1207.8900896926802,12655763,1221.2555977957588,1204.1717819940477,-1.5155156523207536,0.7984346301419198,26.545367038417908,-3.8800048828125,58.70737249755957,1
2022-12-12,1192.871337890625,1197.3906539089487,1180.0437880026634,1180.272120443367,9479842,1214.0690394810267,1203.7652820405506,0.15330462791804944,0.848010526267843,17.346865906285302,-43.1160888671875,57.41399527818832,1
2022-12-13,1198.3037109375,1201.9555809304147,1189.9497141999725,1192.8713067918438,8333348,1207.7335553850446,1203.8946242559523,0.4554030995900238,0.9190088649349153,12.005866730442222,-39.806396484375,60.35984762004162,0
2022-12-14,1193.9669189453125,1204.6717371538757,1191.9126515922892,1204.0782660411908,7268947,1203.3675013950892,1204.0728701636904,-0.3619109206291826,0.8192803832446005,12.759085561586517,-52.8851318359375,55.77044382420669,0
2022-12-15,1177.008056640625,1193.7386297598832,1173.6528618480468,1188.0324923462415,8688551,1196.0733468191963,1203.7685372488838,-1.420379579667752,0.8486958706025711,20.085767911836456,-66.169189453125,43.751048381809376,0
2022-12-16,1171.1876220703125,1195.4733287956508,1167.7867851451592,1173.6527911334736,15837349,1190.5366734095983,1203.0413934616815,-0.49451102203369457,0.7562820992810925,27.686543650491558,-71.4644775390625,20.03375746559334,1
2022-12-19,1186.5716552734375,1188.7172073020977,1171.689838827475,1178.2177795852808,7729933,1187.2792445591517,1203.0772646949404,1.3135413074064628,1.0121328978006097,17.02736847462279,-37.9576416015625,28.77026289086423,1
2022-12-20,1196.8428955078125,1198.76011514875,1171.3703661582176,1179.5416726679264,7467588,1188.107456752232,1204.6184837704614,0.8656232591371049,0.9184474370201346,27.389748990532325,-31.2242431640625,29.656518306278215,0
2022-12-21,1179.8155517578125,1201.9555872542346,1175.9809916475376,1196.477661489117,8527550,1186.2423444475446,1205.0412888299852,-1.422688292165153,1.0752611089049373,25.974595606696994,-30.1287841796875,26.75048083857172,0
2022-12-22,1176.7569580078125,1189.013856887232,1171.7126347696108,1185.9781586267084,7451122,1183.1642368861608,1205.4923502604167,-0.25924338303924266,1.0413559350671637,17.301222117621137,-32.61669921875,26.26221050752264,0
2022-12-23,1142.245849609375,1182.554553491853,1137.703712598857,1170.137785137051,10257115,1175.7755126953125,1203.8207019624256,-2.932730345343615,1.4563180442501797,44.850840892996075,-48.799560546875,23.48881368944518,1
2022-12-26,1152.22021484375,1160.414342154975,1137.7721216907048,1147.9748739735228,5990242,1172.2343924386162,1201.787121000744,0.8732240294666793,1.5038602921991613,22.642220464270167,-40.651123046875,26.535822128769027,1
2022-12-27,1161.64697265625,1163.518549950611,1148.2031310835505,1154.9364624540497,5763271,1170.8714425223213,1198.2470993768602,0.8181385546840447,1.5556143714852466,15.315418867060544,-36.65673828125,34.20898867794402,0
2022-12-28,1161.532958984375,1163.9751864269276,1151.056351446895,1158.5885450524734,7459393,1167.2944859095983,1194.6005684988838,-0.009814829682230908,1.4296142640709497,12.91883498003267,-32.4339599609375,34.31144843819429,0
2022-12-29,1161.0078125,1163.5641454874342,1152.882148696241,1153.566904464591,6930648,1162.1751883370537,1190.5127476283483,-0.04521150091463255,1.3452982454805882,10.681996791193114,-16.000244140625,38.84745357109188,1
2022-12-30,1162.7880859375,1176.3916749175478,1160.0035413220228,1161.829476176333,7289476,1159.7426932198662,1186.6846923828125,0.1533386268664838,1.2809318327875432,16.388133595525005,-8.3995361328125,38.82671483417934,1
2023-01-02,1175.8896484375,1177.3048023328713,1163.244668797144,1164.066351583663,5316175,1159.6187918526787,1183.5055280412946,1.1267369057567311,1.374040837371146,14.060133535727346,-10.6820068359375,42.123838839302564,0
2023-01-03,1167.28466796875,1174.565828259546,1163.0621480210025,1170.9366586985077,7658932,1163.195765904018,1180.7795933314733,-0.7317846942682227,0.6558416446972127,11.503680238543438,-29.5582275390625,40.89707806621473,0
2023-01-04,1149.7095947265625,1169.1107276232435,1147.6325061253483,1167.26185070999,9264891,1162.8371058872767,1177.0482817150298,-1.5056372900683068,0.8908425618930617,21.47822149789522,-30.10595703125,40.725844912773695,0
2023-01-05,1147.6552734375,1157.858025867488,1143.0674942432397,1151.969198619059,13637099,1160.8382917131696,1174.0821358816963,-0.17868175567857802,0.8090024882554763,14.790531624248388,-29.1016845703125,41.79536178344492,1
2023-01-06,1158.0863037109375,1163.1306272948216,1149.5955006159752,1153.4072395784428,6349597,1160.345912388393,1171.639880952381,0.9088992587638289,0.9078339396877068,13.535126678846382,15.8404541015625,39.713197499625295,1
2023-01-09,1185.4302978515625,1187.8041821914996,1161.0306065888913,1161.9207528429104,10722753,1163.8348388671875,1171.3724946521577,2.3611361306151935,1.2830900601775421,26.77357560260839,33.2100830078125,46.33102842028428,0
2023-01-10,1167.9010009765625,1189.6302560157692,1162.240505708343,1189.6302560157692,8047142,1164.5652553013392,1170.1834309895833,-1.4787286023285828,1.4523328201196426,27.389750307426084,6.2540283203125,46.181980625910455,0
2023-01-11,1153.1790771484375,1167.7184566325625,1150.873655990327,1165.2077656913489,11509553,1161.3208879743304,1168.0346389043898,-1.2605455270450983,1.4435642587397368,16.84480064223544,-8.3538818359375,42.96996246764326,0
2023-01-12,1128.2769775390625,1156.077627831873,1125.2641003718309,1152.5855061360771,17688773,1155.7483607700892,1164.9065464564733,-2.1594304044218804,1.6109366371244707,30.813527460042224,-32.7308349609375,45.581843214563975,0
2023-01-13,1126.451171875,1128.8705782042637,1111.386784310048,1122.2513519945564,20618583,1152.4257289341517,1162.4990757533483,-0.1618224691639858,1.5461769648362769,17.48379389421575,-36.3369140625,41.406668522923965,0
2023-01-16,1115.723388671875,1131.951774613395,1107.917221092014,1128.7791493112115,13623855,1147.8640311104912,1159.857921781994,-0.9523522608857027,1.565153571715872,24.034553521380985,-60.166259765625,34.81737555450806,1
2023-01-17,1131.5638427734375,1133.481062404078,1118.6906511572718,1122.0686670526488,10751000,1144.0751081194196,1157.238502139137,1.4197474268616395,1.6457457527215977,14.790411246806343,-35.7208251953125,41.025262343659406,0
2023-01-18,1129.692138671875,1137.178689301756,1123.1414974309205,1129.144430635729,13448286,1136.112513950893,1154.0408470517114,-0.16540861689031683,1.1676287767671276,14.037191870835613,-20.0174560546875,40.69704191621978,0
2023-01-19,1128.4825439453125,1132.6366004638107,1121.4524163802744,1128.8705038207283,11940054,1130.4813058035713,1151.5964181082588,-0.10707295245805382,1.1255421474015577,11.184184083536366,-19.1727294921875,39.77416868795588,0
2023-01-20,1115.0615234375,1129.8291140692525,1112.596474928504,1129.8291140692525,14930286,1125.0359409877233,1148.6585402715773,-1.1892980161563704,1.1176422516119313,17.23263914074846,-43.0247802734375,31.9027557854061,0
2023-01-23,1109.423828125,1125.8120854761514,1107.0044217374414,1117.960395115449,10954118,1122.3426339285713,1147.0955868675596,-0.5055950002758713,0.8429326369650113,18.807663738710062,-76.0064697265625,32.47616146320111,0
2023-01-24,1102.873046875,1115.51790607312,1089.8171651533376,1113.851719292168,16488755,1118.974330357143,1144.7457217261904,-0.5904669688834074,0.8520474025806485,25.700740919782447,-65.0279541015625,34.79999144297575,0
2023-01-25,1087.6258544921875,1102.3022790893294,1086.4618542855478,1101.275205877952,12385018,1114.9603969029017,1141.2209065755208,-1.3824975073981172,0.9198630361148447,15.840424803781616,-65.55322265625,32.05509864639903,0
2023-01-27,1066.992431640625,1089.817223588686,1055.260418546103,1088.4706538388857,25830975,1105.7359095982142,1136.7189767020088,-1.897106690351369,0.6708051801376562,34.55680504258294,-61.2845458984375,24.334370862065995,1
2023-01-30,1077.218017578125,1082.764407064242,1050.3987961919847,1064.4132886312711,21772103,1098.2396065848213,1132.7289864676338,0.9583559952507814,0.9385110955179298,32.36561087225732,-49.233154296875,16.256287394150633,0
2023-01-31,1074.5245361328125,1089.9541811505658,1068.6585300710096,1087.3749062182635,22691594,1090.5313197544642,1128.5259602864583,-0.25004051188896037,0.9255998311535769,21.295651079556137,-41.1988525390625,17.913752111986028,0
2023-02-01,1068.1566162109375,1086.439272024598,1052.224782493373,1086.439272024598,19347800,1083.8306187220983,1123.3958158947173,-0.5926267579512867,0.89946991933907,34.21448953122513,-63.4072265625,19.004868410512927,0
2023-02-02,1062.244873046875,1071.8540341073915,1054.9637127057106,1058.1591593362568,13662663,1077.0907679966517,1118.3939208984375,-0.5534528433698394,0.8987383602138196,16.89032140168092,-67.447265625,22.0591714264758,1
2023-02-03,1063.1806640625,1072.3105805967243,1046.7467660021257,1072.3105805967243,24699575,1071.4204275948662,1114.2734956287202,0.08809560200002675,0.9376297173748303,25.563814594598625,-65.3018798828125,23.024533938441365,0
2023-02-06,1055.1690673828125,1059.528634971871,1052.5899131464937,1056.7896118119152,14837879,1066.7837437220983,1109.8693905784971,-0.7535498857808909,0.8686293901068479,6.938721825377343,-59.8924560546875,23.57044900203418,0
2023-02-07,1052.635498046875,1062.4501695052957,1046.7466710224398,1055.4201633910932,15135435,1064.7327532087054,1104.847923642113,-0.2401102737233929,0.5793594060874313,15.70349848285582,-56.788330078125,11.023462563701926,1
2023-02-08,1073.6572265625,1077.2863960062462,1053.137736379797,1055.8766387784026,21160332,1064.2240687779017,1099.5253964378721,1.9970567736533607,0.9423611187219062,24.148659626449216,-29.2158203125,26.729904717101647,1
2023-02-09,1075.52880859375,1082.284961068636,1065.463103759131,1074.341987106508,13172763,1064.3675362723213,1095.126720610119,0.17431839370580793,0.9405089457330353,16.82185730950505,-12.0970458984375,28.129698139347767,0
2023-02-10,1066.6728515625,1075.0039060071294,1059.6655455942528,1075.0039060071294,10790445,1064.1555698939733,1091.0073765345983,-0.8234049111923936,0.9690560637249815,15.338360412876682,-0.319580078125,29.231981491105998,0
2023-02-13,1060.6015625,1072.767178094588,1056.1278886860243,1068.2935042806123,10352493,1063.9208112444196,1087.7847377232142,-0.5691800493100141,0.970527303634777,16.639289408563627,-16.616455078125,29.123586497185514,1
2023-02-14,1085.5946044921875,1087.329254712915,1060.738368480938,1063.6143185684562,14321920,1067.122802734375,1085.8391868954614,2.3564968104775375,1.3256399819648794,26.59088623197681,11.070068359375,43.61825203812863,1
2023-02-15,1110.1768798828125,1112.5735854842064,1083.2664969637603,1084.6358877756606,33503591,1074.9810616629463,1085.5750674293154,2.2644065555321946,1.411607158195947,29.307088520446086,42.020263671875,57.79185393637554,0
2023-02-16,1109.3095703125,1124.7163944448257,1107.0270912647763,1118.1656324865594,17264487,1083.077357700893,1084.5153401692708,-0.0781235482407161,1.3941374275655158,17.689303180049365,47.064697265625,66.93459510792042,1
2023-02-17,1113.9429931640625,1117.2754874405753,1100.4306882070916,1104.7217922905263,11809520,1088.8324672154017,1083.765380859375,0.41768528601597854,1.2840657094048276,16.844799233483627,50.7623291015625,65.38531953389565,0
2023-02-20,1102.16552734375,1118.3026298698114,1100.2025445254703,1116.13425652598,8836937,1092.6377127511162,1082.5121895926338,-1.0572772478113612,1.4189508218338889,18.100085344341096,46.9964599609375,60.7607184235513,1
2023-02-21,1111.1585693359375,1116.9559918914763,1101.2296696771075,1106.5479683974272,13311592,1098.9928152901787,1082.3263346354167,0.8159429567590415,1.3234074584658493,15.726322214368793,58.5230712890625,66.4054684894965,0
2023-02-22,1085.9598388671875,1109.2868172204337,1084.2023673241313,1107.4380609994969,11024335,1102.6154261997767,1081.2090018136162,-2.267788879476451,1.6797422139641314,25.08444989630243,12.3026123046875,57.886754338317736,0
2023-02-23,1080.7557373046875,1093.1953270218976,1077.9483712962124,1085.5490279902117,9851910,1101.9241594587054,1080.155796595982,-0.4792167607163611,1.4400873001404597,15.246955725685211,5.2269287109375,55.68349140656889,1
2023-02-24,1088.15087890625,1093.834315272933,1080.9839459876737,1082.8098807799356,9434053,1098.777587890625,1080.1807977585565,0.6842565203498463,1.0995112101824251,12.850369285259376,21.47802734375,60.708473735233525,0
2023-02-27,1080.91552734375,1090.8672478016565,1073.543202799622,1087.3750050988056,11199715,1094.7212960379463,1080.8438023158483,-0.66492172204764,1.1038577542911883,17.32404500203461,20.31396484375,58.90987743774585,0
2023-02-28,1060.2362060546875,1080.5274845520237,1056.1734344203933,1075.5516247048563,21994038,1087.0488978794642,1080.035144624256,-1.913130190652368,1.177672362198443,24.3540501316304,-25.3583984375,45.762444026643664,1
2023-03-01,1069.982421875,1070.712820002187,1060.5557097259696,1070.0280642112666,11551145,1082.4513113839287,1079.8188534691221,0.9192494808849982,1.3068800279175934,10.157110276217509,-40.1944580078125,48.33173982837144,0
2023-03-02,1061.833984375,1073.5203549354069,1059.802538079039,1066.8326656493814,9333535,1075.4049421037946,1079.5177757626489,-0.7615487257931708,1.190008155135231,13.71781685636779,-47.4755859375,48.53832867987923,1
2023-03-03,1088.9271240234375,1092.6019362119685,1068.9098180563456,1072.3791189632543,14643807,1075.8288399832588,1080.7883591424852,2.5515419592060384,1.4559782513376915,23.692118155622893,-25.015869140625,57.592071158551306,1
2023-03-06,1099.5633544921875,1106.8216933590495,1095.5918675399987,1095.5918675399987,10171916,1078.5156424386162,1082.5208682105654,0.9767623777659828,1.4720135199795,11.229825819050802,-2.6021728515625,54.056198079941474,1
2023-03-08,1103.51220703125,1104.2654263644915,1088.7444955670887,1099.563420263857,15782657,1080.7101178850446,1084.8229224795386,0.3591291509424943,1.4613403184019678,15.520930797402798,-7.6463623046875,47.80126180678553,0
2023-03-09,1076.9896240234375,1103.3066574341256,1075.095225544964,1102.8958764013148,16235128,1080.1492745535713,1085.982642764137,-2.403469833756122,1.753310565286898,28.21143188916153,-8.97021484375,40.88099572851809,0
2023-03-10,1060.3046875,1070.0280749321848,1056.8124450060086,1068.8868957671646,13334091,1080.1590576171875,1085.3468075706846,-1.5492198022396542,1.6928235440946422,13.215629926176234,-20.4510498046875,35.82973168383053,0
2023-03-13,1042.8665771484375,1070.0281154160118,1038.5298305140532,1063.1806779260546,12771592,1076.285365513393,1083.7914632161458,-1.6446320154142047,1.7408021883348783,31.49828490195864,-45.2843017578125,34.78922783358665,0
2023-03-14,1038.9635009765625,1052.2018311560978,1035.8136967949142,1040.812257084253,16027522,1073.0181535993304,1082.4719703311011,-0.37426419231378905,1.731786888193756,16.388134361183575,-41.9520263671875,30.984707309137164,0
2023-03-15,1021.2057495117188,1049.1661484530057,1016.800539526596,1042.6839706485125,21728555,1063.3436715262276,1080.595979236421,-1.7091795282656697,1.2433094248040917,32.365608926409664,-39.03045654296875,32.24877030021105,0
2023-03-16,1016.1157836914062,1028.943333036388,1005.2968594074098,1023.921951504309,18363159,1051.4225899832588,1077.2874639601935,-0.49842706259206615,0.9647224813095243,23.64647362897813,-53.86663818359375,32.26896316409288,0
2023-03-17,1014.837646484375,1028.007512952856,1010.0900587449328,1024.720781814394,34014213,1038.7547956194196,1072.7475004650298,-0.12578657152514383,0.8518552671547556,17.91745420792313,-46.996337890625,29.191543322800598,0
2023-03-20,1004.8631591796876,1013.422485602896,995.1625932582816,1011.1400066065016,19524589,1028.4510149274554,1067.7738618396577,-0.9828653222750727,0.6615489354688333,18.2598923446144,-84.06396484374989,28.744595065773552,1
2023-03-21,1036.1103515625,1038.0733342187905,1012.052976986994,1012.9431232711898,21400360,1024.9946812220983,1064.0675455729167,3.1095967741837427,1.6308721636885417,26.020357231796424,-63.4530029296875,43.63330157055042,1
2023-03-22,1039.2601318359375,1046.0391051865406,1036.247254791225,1043.0946916431246,10920094,1024.4794747488838,1061.0720505487352,0.3040004637235194,1.5298527913896744,9.791850395315578,-64.2520751953125,41.600087578007496,0
2023-03-23,1026.1131591796875,1036.2016854580306,1023.9447859117854,1035.3343603002547,16249370,1022.6437116350446,1057.0222691127233,-1.265031944699424,1.5978682742450416,12.256899546245222,-50.87646484375,40.4932682105285,0
2023-03-24,1005.7990112304688,1027.1174243598298,1003.379605076148,1024.949051064462,12375945,1020.4427490234375,1053.205086844308,-1.9797181010190568,1.6439977942622652,23.7378192836818,-54.50567626953125,27.048127495142396,1
2023-03-27,1021.4339599609376,1028.9433318287538,1004.383890745215,1012.2812828490338,14054323,1021.2024884905135,1050.3802403041295,1.554480423612814,1.7619061020038402,24.559441083538786,-21.432617187499886,29.007738493115923,1
2023-03-28,1026.2044677734375,1030.0846702786253,1021.1829653124684,1024.8349561252708,12576424,1022.8263201032366,1047.430411202567,0.46704025903763213,1.764174195982504,8.901704966156899,-12.759033203125,29.31981572478361,0
2023-03-29,1020.133056640625,1024.7436572444662,1009.359714078918,1022.0959186617868,18804065,1025.0077340262276,1044.5360078357514,-0.5916375657558426,1.7272827830081434,15.383943165548203,-1.07269287109375,32.92199916107627,1
2023-03-31,1064.116455078125,1069.7770709600843,1029.2629756900762,1029.3999027039445,28171201,1029.0086059570312,1044.7207815987724,4.31153545620222,2.0842816346805253,40.514095270008056,48.00067138671875,50.983631757703904,1
2023-04-03,1064.299072265625,1072.3106311531849,1056.7896998650788,1070.4846960590223,10293043,1032.5855974469866,1044.4501459030878,0.017161391183129204,2.0892993284949752,15.520931288106112,49.46142578125,56.07137719548193,0
2023-04-05,1061.74267578125,1071.8540232011114,1053.8453439607506,1071.8540232011114,16262928,1037.675528390067,1044.445797874814,-0.24019531267025496,1.9900712263102684,18.008679240360834,56.879516601562386,56.50247544762952,1
2023-04-06,1068.8638916015625,1074.592970502133,1058.2275373074351,1058.2275373074351,18435046,1046.6847970145088,1043.4904058547247,0.6707101431213225,1.6638119695252034,16.36543319469797,32.7535400390625,64.48389268841021,0
2023-04-10,1061.2861328125,1072.9496819536614,1059.779694186431,1072.7671126043012,12961408,1052.377964564732,1041.667681012835,-0.70895451222589,1.7304340921035781,13.169987767230396,22.0260009765625,63.523330074645294,1
2023-04-11,1066.535888671875,1068.6586196822263,1060.9210357303307,1065.4631729553812,10542367,1058.1395961216517,1039.9069039481026,0.4946597997528501,1.7302161266915426,7.737583951895658,40.4227294921875,65.11816105543551,1
2023-04-12,1071.23779296875,1080.8925957399235,1063.6599579243734,1066.535787256919,18179087,1065.4402727399554,1039.6330072312128,0.44085757889780197,1.6576943430375979,17.232637815550106,65.43878173828125,70.02758788343104,1
2023-04-13,1075.27783203125,1079.9797173840186,1069.1151503508545,1074.1365320735108,12378208,1067.0347551618304,1040.3460141136534,0.3771374655578308,0.48884558768127245,10.864567033164121,53.843872070312386,64.13979740859986,1
2023-04-17,1080.73291015625,1106.9814803229494,1072.333391852291,1106.9814803229494,17929479,1069.3824462890625,1042.149172828311,0.5073180123777998,0.5015534880038083,34.64808847065842,54.5284423828125,64.72690561811001,0
2023-04-18,1068.3619384765625,1085.0925121063174,1061.8111761257844,1085.0925121063174,10405576,1070.3280552455358,1043.5490984235491,-1.1446835349817275,0.7122080414784195,23.28133598053296,48.2288818359375,65.08560080967496,1
2023-04-19,1073.6800537109375,1076.3733137885806,1064.64142217666,1067.768405195298,12273475,1071.016078404018,1046.047874813988,0.49778216939835307,0.6914453290488604,11.731891611920673,9.5635986328125,77.14500778352003,0
2023-04-20,1070.9638671875,1076.8755157885284,1064.595795217696,1074.638679040759,7007330,1072.3986118861608,1048.659688313802,-0.2529791360144529,0.6244724866583975,12.279720570832524,6.664794921875,72.08881494780871,1
2023-04-21,1072.310546875,1077.7884724738817,1066.558646510675,1073.0637661728558,7647317,1073.2235630580358,1051.396493094308,0.12574464263079843,0.6039395400753843,11.229825963206622,10.56787109375,71.20960106738426,1
2023-04-24,1076.4190673828125,1086.8727319946267,1071.8539885727766,1084.1794719407253,12936186,1073.9637451171875,1054.8039172944568,0.3831465166304504,0.5985421390583184,15.018743421850104,7.55517578125,76.36874786262712,1
2023-04-25,1084.65869140625,1086.735779878646,1072.9952636709509,1080.0709122812248,9236126,1075.3038678850446,1057.115743001302,0.765466189991515,0.6476790148943458,13.740516207695237,23.37255859375,64.46944839967807,0
2023-04-26,1078.290771484375,1089.2467445727557,1074.6159592843226,1086.005534613959,8617834,1074.9549909319196,1058.974344889323,-0.5870897428221444,0.6719193900267784,14.630785288433117,11.7548828125,59.06548472107539,1
2023-04-27,1085.115234375,1088.2878596252956,1079.1579437194785,1084.1794457664448,9167125,1077.3483189174108,1061.783967517671,0.6328963458743564,0.492560421809236,9.129915905817143,13.87744140625,64.34986854372832,1
2023-04-28,1104.949951171875,1106.5021527689444,1087.2607695641375,1087.3748753991613,15565210,1081.8154471261162,1066.5054408482142,1.8278903630266852,0.7854524979347794,19.24138320480688,29.672119140625,69.16377865163733,1
2023-05-02,1114.3310546875,1116.4994278601828,1108.4194062766874,1112.1170391794085,12981805,1088.0107596261162,1070.9291120256696,0.8490070980749609,0.7386274099416583,8.080021583495409,33.59814453125,77.6404974658552,0
2023-05-03,1104.767333984375,1116.1340858641377,1101.549066588438,1116.1340858641377,7061872,1092.6474434988838,1074.670200892857,-0.8582477050150028,0.9110082788514978,14.585019275699551,36.4053955078125,69.06443114472293,1
2023-05-04,1117.503662109375,1119.717677582049,1102.2567073883076,1105.2467632974383,8635233,1098.5166713169642,1079.306896391369,1.1528516216229967,0.9499671618352787,17.460970193741332,43.8236083984375,71.35936665231475,0
2023-05-05,1114.6505126953125,1123.5978590907398,1112.025716258824,1114.30819519152,8746585,1102.8012172154017,1081.7132800874256,-0.2553145471288154,0.987274765982466,11.572142831915698,43.6866455078125,68.3784255024792,1
2023-05-08,1128.4140625,1133.7778823916174,1115.746261129747,1118.4167001177036,9153782,1109.9616873604912,1084.7663748604912,1.2347861188711118,0.923435462363574,18.03162126187044,56.103515625,70.65459483354873,1
2023-05-09,1131.9061279296875,1135.2158009724574,1124.4652198090143,1129.8290394334551,6464721,1116.6461007254463,1088.1074916294642,0.3094666705899529,0.9327606624326223,10.75058116344303,55.487060546875,79.82003285878285,1
2023-05-10,1139.6895751953125,1141.173192717246,1132.659447469911,1136.6766978121202,10872255,1121.6089041573662,1091.4801432291667,0.6876407039037247,0.7696506522716643,8.51374524733501,55.0308837890625,80.27640976370122,0
2023-05-11,1132.24853515625,1145.5781493917782,1130.5365853892238,1140.762158669685,10557860,1124.1685442243304,1094.8593052455358,-0.6529005968829105,0.8442271779064349,15.041564002554423,53.957763671875,76.94155375817834,1
2023-05-12,1134.0972900390625,1135.4896227195354,1121.383847325768,1127.455243721531,6955341,1128.3585379464287,1098.0765148344494,0.1632817199942238,0.7005942117308471,14.105775393767317,48.9820556640625,77.04289510718166,1
2023-05-15,1136.334228515625,1143.318592964205,1128.9846046154787,1136.631024460071,6833343,1131.048618861607,1101.1763450985864,0.19724396629898777,0.6117088720657593,14.33398834872628,31.38427734375,76.66052151581354,0
2023-05-16,1120.1513671875,1141.058816015231,1118.4850597805391,1138.5024831085086,8717229,1131.8344552176338,1103.3131801060267,-1.424128651766865,0.8732465423873715,22.573756234691928,5.8203125,64.75050224233446,0
2023-05-17,1113.5322265625,1125.2641183192468,1108.830341392445,1124.3511508366894,8798967,1129.7084786551338,1104.8750523158483,-0.5909148369491746,0.7294420061590582,16.433776926801784,8.764892578125,64.61557777242268,0
2023-05-18,1111.1356201171875,1121.6122266625744,1107.9856952056505,1118.2112689036005,10525531,1126.7412632533483,1106.9118942987352,-0.2152256026492272,0.6960969734606579,13.626531456923885,-6.3680419921875,61.20279808485702,1
2023-05-19,1114.741943359375,1116.5679991928369,1104.1968724046772,1111.1357155261294,8050447,1123.1773158482142,1108.867222377232,0.3245619325755289,0.6232451391207479,12.3711267881597,0.0914306640625,54.9006502757746,1
2023-05-22,1120.6990966796875,1125.720598669704,1110.3595382742935,1111.5691808774145,7434906,1121.5273960658483,1111.2355666387648,0.5343975218479846,0.6750527384485652,15.361060395410504,-7.7149658203125,53.30015068834588,0
2023-05-23,1120.49365234375,1126.6335119735163,1119.0784985578175,1123.2783175836105,6092034,1119.584019252232,1113.5300002325148,-0.018331801689330796,0.6646667405871822,7.555013415698795,-11.4124755859375,59.02537445180816,0
2023-05-24,1113.9656982421875,1124.8075631613845,1110.8615367170432,1116.544972955841,8112254,1116.3885149274554,1115.3179350353423,-0.5825962590602751,0.6581091514879843,13.946026444341214,-25.723876953125,47.813762067191576,0
2023-05-25,1113.828857421875,1117.960213217733,1102.9186489083418,1111.0671339157268,11487863,1115.4852992466517,1116.7069905598958,-0.012284114360827658,0.4245519190390894,15.041564309391333,-18.419677734375,49.474632336297745,1
2023-05-26,1144.208740234375,1145.349919313803,1118.7590340242448,1122.0685861761906,12626260,1119.8676583426338,1119.8459414527529,2.7275180212890993,1.0900932566531885,26.590885289558173,10.1114501953125,58.329256360078276,1
2023-05-29,1150.6453857421875,1154.9364899661489,1144.5283465169668,1150.8279550929285,10010304,1125.5119105747767,1122.9664248511904,0.5625411938816383,1.0567752846787357,10.408143449182035,14.3111572265625,59.58441240594274,0
2023-05-30,1150.3486328125,1158.451475420254,1147.7921790871794,1150.645307987406,11342504,1130.5985804966517,1125.1282668340773,-0.025790129032332576,1.0748930012993962,10.659296333074508,30.197265625,55.9038337495994,0
2023-05-31,1127.5009765625,1145.7381091276332,1123.4382047768397,1141.241614387353,27107927,1131.570277622768,1125.755405970982,-1.9861505980269256,1.4129174683867376,22.29990435079344,13.96875,47.75378239203809,0
2023-06-01,1124.4652099609375,1134.3484659204855,1122.068625138698,1132.1800927726736,14592692,1132.1376429966517,1126.6934000651042,-0.2692473589528843,1.4194392009700632,12.27984078178747,13.32958984375,45.49338280145206,0
2023-06-02,1120.7904052734375,1133.412563645759,1118.8731857024295,1128.003101699598,15800644,1133.1126011439733,1126.8499116443452,-0.32680465833422323,1.4033665409496552,14.539377943329555,6.0484619140625,42.82397362563047,1
2023-06-05,1130.8563232421875,1133.8235582589482,1122.274114564264,1126.268543700321,10908682,1135.5450962611608,1127.621616908482,0.8981088632976197,1.4335534932910523,11.549443694684214,10.1572265625,55.237930272423746,1
2023-06-06,1131.8148193359375,1135.6265579862757,1123.8946668621782,1133.6865172838243,7493309,1133.7745361328125,1127.7835577101935,0.08475843253030746,0.9213841915925022,11.731891124097501,11.3211669921875,59.470270365972254,1
2023-06-07,1140.3970947265625,1141.241598708449,1128.733545665894,1135.3071289198083,10312545,1132.3104945591517,1128.1878894624256,0.758275580422274,0.9492254013697835,12.50805304255482,26.431396484375,64.24444032440553,1
2023-06-08,1141.081787109375,1148.9335976883085,1137.133121023714,1143.9805586437908,12071109,1130.9866594587054,1128.254185267857,0.060039821740920374,0.951255140253602,11.800476664594498,27.2529296875,63.197599457847396,0
2023-06-09,1133.001708984375,1145.144501301207,1131.1984746215855,1144.4369244051345,5877018,1131.7724783761162,1128.290050688244,-0.7081068347842723,0.5827793302437833,13.946026679621355,-11.20703125,56.035828203810645,1
2023-06-12,1134.0059814453125,1136.311281503828,1125.264025708016,1130.057315904061,6391969,1133.1354457310267,1128.2857026599702,0.08863821236755332,0.5633284194842398,11.047255795811907,-16.639404296875,56.57777297107142,1
2023-06-13,1150.759521484375,1151.946463788879,1134.9647365494957,1138.959165682283,11248016,1137.416748046875,1128.972621372768,1.4773766905276542,0.7157950085759945,16.981727239383417,0.410888671875,66.28944481373995,1
2023-06-14,1164.910888671875,1166.3488637759135,1149.0019986007082,1150.827933567815,13277380,1142.2816859654017,1131.104027157738,1.2297414814561813,0.7650896954585035,17.346865175205266,37.409912109375,70.11861629704843,1
2023-06-15,1165.23046875,1169.7954267696327,1157.4471223513988,1164.888030487722,11813494,1147.0553501674108,1133.5658482142858,0.027433864790227247,0.7696596694988687,12.348304418233965,40.7652587890625,60.848038017582624,1
2023-06-16,1176.574462890625,1178.856942021871,1168.72265257123,1168.72265257123,24171579,1152.2235456194196,1136.6819835844494,0.9735408097244713,0.7895166483584619,10.134289450641063,55.7840576171875,62.735403908439345,0
2023-06-19,1164.88818359375,1179.5874324568545,1160.7113056227922,1179.5874324568545,6798554,1155.6244594029017,1139.0698997860864,-0.9932460431075429,0.9584727509765335,18.876126834062234,34.0318603515625,56.42270302682578,1
2023-06-20,1167.3074951171875,1170.457299404325,1157.2189687814275,1162.9480481347905,6921096,1160.5252859933037,1141.2893473307292,0.20768615885293773,0.8549523272643447,13.238330622897593,35.49267578125,71.4566392900053,1
2023-06-21,1170.5943603515625,1173.1278723617306,1163.1534517577868,1167.2618659292657,6961603,1165.752197265625,1143.6750953311011,0.2815766409556941,0.8451607403801177,9.974420603943827,30.197265625,74.79755889494061,0
2023-06-22,1157.4471435546875,1174.702723824018,1155.8494202932393,1166.8053921892115,7619166,1166.7075718470983,1145.745640345982,-1.1231231964013988,0.8924789032741678,18.853303530778703,16.3653564453125,67.88414718396089,0
2023-06-23,1147.9749755859375,1156.4885999942844,1146.719569774206,1154.4343325060674,6628570,1164.2881556919642,1147.3716459728423,-0.8183672162911604,0.7842766428470556,9.76903022007832,14.9732666015625,58.400544397640296,0
2023-06-26,1139.210205078125,1148.271658359126,1136.0832218598148,1144.437098137329,12641159,1160.5709751674108,1147.1336204892114,-0.7634983944958318,0.801760541249254,12.188436499311138,5.2042236328125,53.37084215692056,1
2023-06-27,1139.62109375,1145.578264166708,1135.1474200849475,1139.666736088607,9689466,1155.2919224330358,1146.608654203869,0.036067853855548115,0.6036181506535806,10.430844081760597,-11.138427734375,49.617827732107884,1
2023-06-28,1154.708251953125,1158.519990797568,1140.2600374666351,1147.1760589375283,11354006,1153.837646484375,1146.8162551153273,1.323874951584103,0.8451628620848989,18.25995333093283,-10.20263671875,55.877149939242564,1
2023-06-30,1164.1805419921875,1167.1021346662303,1156.511421596289,1162.423070452648,11151555,1153.3909388950892,1148.5629010881696,0.820318900730177,0.9139446257517756,10.59071306994133,-1.0499267578125,63.28797824953724,1
2023-07-03,1194.058349609375,1196.934300105854,1166.5087289327182,1167.7413136446191,12154387,1156.7429373604912,1151.8768601190477,2.566423895563452,1.349812160739655,30.425571173135722,17.48388671875,70.53869565761951,0
2023-07-04,1181.7557373046875,1198.3037415268395,1174.6799673322105,1198.3037415268395,8061643,1160.2155936104912,1154.7799711681548,-1.0303191890674523,1.333962911393476,23.62377419462905,16.8675537109375,60.93400266803772,0
2023-07-05,1179.8155517578125,1190.9997357239995,1175.8440646341217,1190.9997357239995,10248062,1164.7642473493304,1157.111363002232,-0.16417822106792324,1.263188577508855,15.155671089877842,12.508056640625,55.753313247618784,1
2023-07-06,1204.5804443359375,1207.1824197013011,1175.958111582341,1175.958111582341,19117987,1174.1028529575892,1160.576392764137,2.099047816519084,1.2874756769512512,31.224308118960153,33.986083984375,62.77792091963135,0
2023-07-07,1202.2294921875,1216.5406584496827,1199.6730384312104,1202.8686056265724,13375267,1183.046909877232,1163.5207926432292,-0.19516771665121224,1.3132703861122552,16.86762001847228,44.7823486328125,58.84757481662098,1
2023-07-10,1248.541015625,1258.1046546175523,1221.1284462814797,1227.4736968882496,33240016,1196.4515904017858,1168.6378987630208,3.8521366959010983,1.7609672746616445,36.97620833607266,100.5660400390625,73.28752971752549,1
2023-07-11,1262.0760498046875,1264.495455649915,1249.7050458386786,1256.6894093813987,20069348,1210.4366629464287,1174.7842959449404,1.084068045046327,1.755914806101975,14.790409811236259,122.8658447265625,74.84437543442391,1
2023-07-12,1263.468505859375,1279.103541836806,1260.683840337917,1262.806571231475,18733835,1220.3523995535713,1180.9491780598958,0.11033059813654322,1.6746141853897436,18.419701498889026,123.847412109375,74.59200527508331,0
2023-07-13,1252.1702880859375,1277.734103452716,1249.54549133918,1270.8410235059798,14682934,1230.41162109375,1185.7782621837798,-0.8942223506990254,1.6501317203079322,28.18861211353601,97.4620361328125,75.32962341063936,0
2023-07-14,1251.1202392578125,1260.3414396091937,1243.9988277461352,1255.365580017741,15124144,1240.5980050223213,1189.8834693545386,-0.0838583088990319,1.642231769326114,16.342611863058437,86.939697265625,78.88271028484625,1
2023-07-17,1276.6842041015625,1285.060901535764,1245.3228457945552,1253.9963391795925,22220040,1250.8985421316963,1195.1907900855654,2.0432860121354146,1.6353018989059143,39.73805574120888,82.6258544921875,85.1851412139545,1
2023-07-18,1287.52587890625,1295.286283587151,1274.995004828538,1285.9509768018002,25867313,1263.083740234375,1200.4741908482142,0.8492056821770566,1.5709369129229607,20.29127875861309,105.7701416015625,85.93605967889849,1
2023-07-19,1297.294921875,1303.7543992835303,1276.8210735612868,1291.8854597114334,39122156,1270.048583984375,1206.779273623512,0.7587453680580669,0.9424303839013529,26.93332572224358,117.4793701171875,85.56296947613527,0
2023-07-20,1295.7239990234375,1301.2137583797864,1276.0149599670335,1276.0149599670335,38717624,1274.855433872768,1212.8943452380952,-0.12109219153436657,0.9392145357824109,25.19879841275292,91.1435546875,84.15482958147177,0
2023-07-21,1255.6134033203125,1293.2755748788927,1248.1205739980844,1290.3576048302098,30249238,1273.7332763671875,1216.94287109375,-3.0956126253241845,1.6244898077934935,45.1550008808083,53.3839111328125,65.17613634653641,0
2023-07-24,1230.216796875,1243.8424839995955,1221.2649818512405,1227.0515368964086,23727866,1270.5970633370537,1220.4080926804315,-2.0226453762084984,1.768620669293119,22.57750214835505,-18.32421875,61.22323550381908,0
2023-07-25,1229.425537109375,1239.0203294862108,1226.556952345633,1233.4810641733905,12026020,1267.4978201729912,1224.2866908482142,-0.0643187255803146,1.768921458123041,12.463377140577904,-32.6505126953125,61.550787882508565,1
2023-07-26,1249.4063720703125,1259.6936470475673,1229.029726310642,1229.029726310642,12911012,1263.6009870256696,1229.5341273716517,1.6252171732105358,1.6841646303570632,30.66392073692532,-14.0621337890625,60.67471386927346,0
2023-07-27,1237.7838134765625,1255.06933898356,1231.6758304667376,1253.2889256301971,17226898,1256.4949776785713,1234.2085425967261,-0.9302464637258923,1.6154281069665122,23.39350851682252,-14.386474609375,58.10873338155237,1
2023-07-28,1250.2225341796875,1257.6412248805652,1236.7204929547063,1242.4081558253793,20827852,1249.7703508649554,1238.7568417503721,1.0049186754339967,1.650956531648245,20.920731925858945,-0.897705078125,50.453577085055166,1
2023-07-31,1260.8065185546875,1263.1062644351005,1245.3261593927457,1250.222567835286,8551174,1244.7821393694196,1243.3580787295386,0.8465680377409468,1.7281273550442366,17.780105042354762,-15.877685546875,49.65201330379908,0
2023-08-01,1242.9769287109375,1265.628689467438,1239.0697997346808,1263.6503718598296,9536632,1242.9769287109375,1245.687534877232,-1.4141416292952513,1.3661419370116499,26.55888973275728,-44.5489501953125,44.847427473797744,0
2023-08-02,1229.697509765625,1242.383422770223,1218.4458286875906,1240.998576334311,12748214,1242.9027448381696,1247.9704764229912,-1.0683560280627447,1.1817040210778906,23.93759408263236,-67.597412109375,44.405002938864925,0
2023-08-03,1224.529052734375,1236.893537376658,1215.700883147937,1224.2323775511124,10168350,1242.2032470703125,1250.0996907552083,-0.4203031225325504,1.1925409923990808,21.19265422872104,-71.1949462890625,43.512687537486656,1
2023-08-04,1241.1717529296875,1244.3617658987637,1222.4024889169664,1235.8550243989196,22885610,1241.0268729073662,1251.8421340215773,1.3591102765711627,1.1329581406482871,21.959276981797302,-14.441650390625,40.94191978319243,1
2023-08-07,1248.244384765625,1250.494624650405,1238.9215138972052,1246.834785043854,5982870,1242.521240234375,1254.0333193824404,0.5698350626529347,1.0882887015304263,11.573110753199899,18.027587890625,39.784135844954704,0
2023-08-08,1240.7264404296875,1253.486611833248,1236.225840784307,1250.2965991690858,9844072,1241.1646554129463,1253.6611967540923,-0.602281446461228,1.0402812375118529,17.260771048941024,11.3009033203125,35.11404527118316,1
2023-08-09,1248.911865234375,1250.7912910864598,1227.1009863432985,1238.8472469851745,11486586,1239.4654192243304,1253.0343308221727,0.6597284089354005,1.0138820650319154,23.690304743161278,-0.4945068359375,38.09582937288177,1
2023-08-10,1254.475830078125,1261.177404750792,1240.6276075945868,1248.788167272386,15470598,1241.108119419643,1252.6061081659227,0.44550500308568886,0.8523781962864024,20.54979715620516,16.6920166015625,49.64905766390427,1
2023-08-11,1259.767822265625,1265.55449762201,1242.5565564009414,1252.4975295128647,22179330,1245.4038783482142,1252.9678955078125,0.42184887589029607,0.667958812481833,22.997941221068686,9.5452880859375,60.407527338449924,1
2023-08-14,1274.6546630859375,1277.1523130180672,1248.81289137336,1255.737002454242,9575812,1252.5646798270088,1254.0885823567708,1.1817130551516453,0.6346042643849187,28.339421644707272,13.84814453125,64.4904711435801,0
2023-08-16,1273.6160888671875,1277.3996937112483,1261.672044700447,1261.672044700447,10203112,1257.1995849609375,1253.9424816313244,-0.08147887022478262,0.568668765872679,15.727649010801315,30.63916015625,58.82775013130837,0
2023-08-17,1255.2425537109375,1275.0752365265755,1252.695518025622,1269.6348629683328,13673744,1258.1993233816963,1252.4051804315477,-1.4426274382724147,0.8765669046692394,22.37971850095346,25.5450439453125,56.0673808388497,1
2023-08-18,1264.5406494140625,1274.827925208279,1240.6771930744892,1251.9041214413387,18639978,1261.601353236607,1250.8454531715029,0.7407409568482626,0.8480386071741637,34.150732133789916,40.0115966796875,55.086973039832216,0
2023-08-21,1250.74267578125,1268.3374245054663,1248.5836072167706,1260.6443643964944,9221746,1261.8628976004463,1248.7034853980654,-1.0911451236625624,0.9657149038863717,19.7538172886957,9.5709228515625,46.50432703111816,0
2023-08-22,1250.44482421875,1259.6517042081298,1240.319812990251,1249.204008079304,7713044,1261.2870396205358,1248.4573625837054,-0.02381397614932279,0.947775005603694,19.33189121787882,2.200439453125,52.9537126000029,1
2023-08-23,1251.8345947265625,1262.0838090060652,1249.228880766707,1252.8272476636505,9517952,1260.1537214006696,1249.486781529018,0.11114208967042405,0.9295251970839267,12.85492823935806,11.108154296875,59.66467525407831,0
2023-08-24,1230.7904052734375,1260.6195534341234,1226.4227081001463,1260.6195534341234,14140020,1253.8873988560267,1249.5517752511162,-1.6810678936159063,0.9080769285032109,34.19684533397708,-18.1214599609375,52.40079794130395,0
2023-08-25,1225.1075439453125,1243.2978613921046,1212.32713678729,1218.9778633049934,22222400,1246.9576067243304,1248.3946881975446,-0.46172453926974777,0.8903858165886748,30.97072460481445,-29.3682861328125,43.27529009694767,0
2023-08-28,1212.897705078125,1232.87484375,1206.6192242506277,1226.9189266304347,12580826,1240.9083426339287,1247.2096354166667,-0.996634044703304,0.8297401452341086,26.255619499372415,-46.8701171875,35.81353191906325,0
2023-08-29,1201.2838134765625,1217.7121468384466,1195.228533637356,1217.0173382536789,16876644,1231.8716517857142,1244.8792201450892,-0.9575326553045493,0.6371811680550978,22.483613201090748,-73.370849609375,34.67352367508329,0
2023-08-30,1200.142333984375,1212.525656094156,1198.628513903965,1207.066064519438,12168946,1224.643031529018,1241.9904494512648,-0.09502163263850338,0.6537575856783229,13.897142190190834,-73.4737548828125,29.951826575672428,0
2023-08-31,1194.6578369140625,1203.5917135507275,1191.133870437995,1202.599060591098,21638600,1216.6734619140625,1239.6895403180804,-0.45698721851635815,0.6107169523621594,12.457843112732462,-60.584716796875,25.39394968009006,1
2023-09-01,1197.4619140625,1203.9141576589248,1192.0023233270636,1194.4343955405525,18112842,1208.9059361049108,1238.1545119512648,0.2347180139612881,0.6375249603152913,11.9118343318612,-67.0787353515625,23.835003813945093,0
2023-09-04,1196.494140625,1202.921543874001,1193.8140262826475,1197.4619529612137,9347626,1204.0064697265625,1236.8195161365327,-0.08081872384706479,0.4603621314615128,9.107517591353371,-54.24853515625,12.831821933886957,1
2023-09-05,1202.89697265625,1208.033879307401,1197.362859390741,1201.1101487589583,8675876,1200.833530970982,1234.9969075520833,0.5351327527525873,0.5779691628019972,10.671019916660043,-47.5478515625,18.00290957453271,1
2023-09-06,1205.4281005859375,1209.125708635972,1199.745186611218,1201.6560920331103,8200370,1199.7664446149554,1232.9580368768602,0.21041934490018122,0.4956191313384241,9.380522024753873,-46.406494140625,23.689436316417925,1
2023-09-07,1207.06591796875,1210.1679582595823,1196.6430625915527,1201.9537313347682,13652572,1200.5924595424108,1231.3551548549108,0.1358701843781729,0.3149668083229915,13.524895668029558,-23.7244873046875,16.970815976923276,1
2023-09-08,1215.1064453125,1218.9778160313297,1202.5742018862825,1211.0365924741222,23109288,1202.730189732143,1229.745372953869,0.6661216445644103,0.37462091290315697,16.403614145047186,-10.0010986328125,28.06961663972308,1
2023-09-11,1228.20947265625,1229.326207160582,1216.9924464989117,1216.9924464989117,13271074,1207.5232805524554,1228.494594029018,1.0783439915323711,0.3901674769763769,12.33376066167034,15.311767578125,38.179439524041904,0
2023-09-12,1210.4658203125,1232.3785847782628,1209.026400892418,1232.3785847782628,16255666,1209.3809814453125,1226.1468796502977,-1.444676395906297,0.803771196652324,23.352183885844852,9.1820068359375,31.26543049491464,1
2023-09-13,1216.52099609375,1222.278310335504,1204.2120756300535,1211.0365644667,12803338,1212.2419607979912,1223.3786097935267,0.5002351722485532,0.8050960899502592,18.066234705450597,16.378662109375,42.522730209334135,1
2023-09-14,1217.6376953125,1223.8417758931353,1213.5181615722684,1220.9630582690309,9209636,1214.3477783203125,1220.7129720052083,0.09179448791560851,0.7954081409304137,10.323614320866909,22.9798583984375,45.88902041348287,1
2023-09-15,1219.89599609375,1224.9336610195687,1215.7516218263509,1224.9336610195687,25468592,1216.4146205357142,1219.0298025948662,0.18546574157023432,0.7952886445560797,9.18203919321786,22.43408203125,54.3252255786583,0
2023-09-18,1209.274658203125,1216.4962329024152,1207.0908701058952,1211.061482045193,7516300,1216.7301548549108,1216.3980887276787,-0.8706756907667312,0.88869479892895,9.405362796519967,12.780517578125,55.00000763814735,0
2023-09-20,1182.3240966796875,1204.882232531632,1168.8488809798134,1202.623922773179,57081884,1212.0469621930804,1213.1400611514136,-2.2286551149168776,1.1715825158553193,36.03335155181867,-20.5728759765625,41.57270416852859,0
2023-09-21,1173.7127685546875,1186.269851496792,1171.330377450607,1178.7504333612094,12226182,1204.26171875,1209.4861537388392,-0.7283390526491962,0.9788910258607899,14.939474046184841,-31.71533203125,40.37842117776891,0
2023-09-22,1168.823974609375,1182.4729522811776,1166.367182863141,1179.2716708437545,19176786,1198.3128836495537,1205.5332670665923,-0.4165238784385572,0.9133411127820265,16.105769418036743,-38.241943359375,37.09176543087606,0
2023-09-25,1161.6273193359375,1171.6779308453931,1158.9720452955405,1166.5657437194718,14254884,1190.4709298270088,1202.2397867838542,-0.61571762983752,0.8011224300800981,12.70588554985261,-53.4791259765625,35.11972301322106,1
2023-09-26,1162.644775390625,1166.4664650387544,1159.2201711598177,1160.684310036077,10087782,1182.6147984095983,1199.265369233631,0.08758885382182946,0.8004706305412874,7.24629387893674,-65.564697265625,31.993687475427024,1
2023-09-27,1175.747802734375,1177.1872222950064,1160.6595255350553,1163.1411580463557,11722778,1176.3079136439733,1197.496326264881,1.1270017825820933,1.0155068617761855,16.52769675995114,-34.718017578125,37.87018144266123,0
2023-09-28,1158.4757080078125,1182.7460248832851,1153.959088482433,1182.7460248832851,14518346,1169.0509207589287,1195.4578450520833,-1.4690305766588474,1.0734022351436745,28.786936400852255,-58.0452880859375,32.39212577665991,1
2023-09-29,1163.8856201171875,1175.847137006539,1158.475709840611,1162.2973995824232,12342014,1166.4168526785713,1193.7313348679315,0.46698537327798384,0.8558294647381982,17.371427165928026,-53.7520751953125,31.07810359397928,0
2023-10-03,1150.5592041015625,1159.2201982891547,1149.492150617653,1156.4158809171215,8859056,1163.1092006138392,1191.6313999720983,-1.1449936132283511,0.9097721644432752,9.728047671501827,-69.3367919921875,21.361857228653662,0
2023-10-04,1148.5738525390625,1150.981084388904,1139.1189302205564,1146.0178196869251,10286386,1160.2163260323662,1189.3033970424108,-0.17255535877011008,0.9083723425677285,11.862154168347615,-60.7008056640625,24.171454362619187,0
2023-10-05,1148.5491943359375,1156.1428927957072,1146.017880733707,1151.1052273242312,10953682,1158.3480224609375,1187.0203043619792,-0.0021468539502689232,0.8962523473892721,10.125012062000224,-33.77490234375,20.13084334738393,1
2023-10-06,1150.4847412109375,1153.8597853939605,1147.5316229908371,1150.0132553057874,5431026,1156.610874720982,1184.5244838169642,0.16852102500659605,0.9004630845959648,6.328162403123315,-23.22802734375,20.701522664209676,0
2023-10-09,1140.6822509765625,1147.4818990309532,1139.0691900320726,1145.5711149238573,7576878,1151.6015101841517,1181.4413481212798,-0.8520313119544265,0.7281316099171404,8.41270899888059,-28.1417236328125,17.57405680695011,1
2023-10-10,1145.719970703125,1150.435072150941,1143.4121010954177,1144.8018394410435,10236032,1149.779261997768,1178.5201125372023,0.4416409321920778,0.6241142027878881,7.022971055523385,-15.9073486328125,22.73782145535128,1
2023-10-11,1163.910400390625,1166.2182699823193,1148.0031129607796,1148.722762099973,9814118,1149.7828020368304,1176.0822056361608,1.5876854862132417,0.8954367162173912,18.215157021539653,1.265625,41.45947347621426,1
2023-10-12,1166.0693359375,1171.0078811502246,1160.485663265934,1163.3148210249558,12554450,1151.99853515625,1173.1231515066963,0.18548984063984086,0.7384019358504028,10.52221788429074,-9.678466796875,46.22917055603399,0
2023-10-13,1166.019775390625,1170.0896281233202,1156.0187245288932,1161.4039150831682,10150316,1154.4908098493304,1171.0066731770833,-0.004250222979673701,0.7271388352682442,14.070903594426909,7.5440673828125,48.54720140852909,0
2023-10-16,1163.4140625,1168.6254903286665,1159.418610263332,1163.885548402189,5929036,1156.6143624441963,1168.477771577381,-0.22347072885209318,0.7429390210656485,9.206880065334417,-0.4715576171875,50.971908478452285,1
2023-10-17,1168.972900390625,1171.18152891328,1162.0491704758838,1169.3451452373686,7928180,1159.2555280412946,1166.160400390625,0.477803910903396,0.7508649623552047,9.132358437396306,18.4136962890625,53.28015732606434,0
2023-10-18,1153.4627685546875,1174.8048077319042,1151.9737890772074,1168.9729714451066,8918320,1161.0813162667412,1162.9969133649554,-1.326817057158003,0.8759625855653108,22.83101865469689,4.888916015625,38.7298823965182,0
2023-10-19,1144.603271484375,1152.37085365543,1142.0472385636656,1147.5068298823098,12032556,1160.9217878069196,1159.9173235212054,-0.7680782866891889,0.9294317373244191,10.323615091764395,-3.9459228515625,42.3318745116456,0
2023-10-20,1141.104248046875,1148.846868358942,1139.7145096810816,1141.5508934053469,8913312,1157.6637660435267,1157.9544735863096,-0.3056974870395357,0.606201861728021,9.132358677860339,-9.3804931640625,37.13560946019535,0
2023-10-23,1123.2860107421875,1144.6528889030683,1119.340239652529,1136.5875839948085,7853962,1151.5518624441963,1155.553199404762,-1.5614907520662857,0.7293746928298297,25.31264925053938,-17.396240234375,35.342687547890705,0
2023-10-25,1120.680419921875,1132.2200112886635,1113.2603628260954,1116.7594889591046,11620688,1145.0748116629463,1153.2606491815477,-0.23196147689855673,0.7067296912861567,18.95964846256811,-25.03955078125,35.108630624595136,0
2023-10-26,1105.07080078125,1120.7050833883056,1101.993601137725,1117.2307983645155,15222534,1136.7400599888392,1150.5674816313244,-1.3928698015187257,0.7500309957422314,18.71148225058073,-58.839599609375,30.099843000094978,1
2023-10-27,1124.5765380859375,1128.3982276638756,1109.761144511754,1111.7712909465938,11771084,1130.3977225167412,1148.7547084263392,1.76511199924001,1.147824618545161,18.637083152121477,-41.4927978515625,39.7847599245312,1
2023-10-30,1147.7550048828125,1153.9590859902871,1126.6362885582769,1128.6464350717906,16813304,1129.5823277064733,1147.4217180524554,2.0610839735573316,1.4406209699897665,27.322797432010248,-18.2647705078125,52.52260504904146,0
2023-10-31,1135.5452880859375,1155.448028104718,1133.0636557231696,1155.448028104718,12808438,1128.288330078125,1146.3297932942708,-1.063791204998632,1.4688367129827593,22.384372381548474,-27.8687744140625,46.54766648248919,1
2023-11-01,1140.2603759765625,1150.236586425296,1129.2419526519689,1136.1656826268284,10309190,1128.1677769252233,1145.2047816685267,0.41522675846532575,1.4776043389534212,20.994633773327223,-28.7125244140625,41.167728412013716,1
2023-11-02,1151.57666015625,1153.6116471680004,1145.4966608528323,1148.4746196953226,10562104,1132.2092982700892,1145.2532319568452,0.9924298360359796,1.3367314176607028,8.114986315168153,-1.8861083984375,44.93410115753937,0
2023-11-03,1151.3284912109375,1158.897469898072,1149.3680258840427,1155.0509397455935,8850156,1136.5875941685267,1145.3844052269346,-0.021550362550659674,1.3234063452068139,9.529444014029195,6.7252197265625,44.871798149516415,1
2023-11-06,1160.9075927734375,1161.4039192346488,1154.256866662586,1157.5822297180116,10647304,1144.5642787388392,1145.972900390625,0.832004213882076,1.0647157300708023,7.147052572062876,19.8033447265625,49.16569758701198,0
2023-11-07,1153.3634033203125,1160.9572220726066,1151.2540159543112,1158.4507493206686,6960204,1148.6766880580358,1146.1099795386904,-0.6498527100767593,1.0576515115337537,9.703206118295384,30.077392578125,44.872005665645126,1
2023-11-08,1159.3690185546875,1161.9003321646271,1152.3460470752768,1157.4333936812943,7884494,1150.3358328683037,1146.9998256138392,0.5207045079708594,0.7664832839973751,9.554285089350287,38.6885986328125,52.069546054927834,0
2023-11-09,1146.787109375,1159.3689122452763,1143.6353879313751,1159.344192861405,14513610,1151.9418073381696,1147.0506417410713,-1.085237657581417,0.7721490444610329,15.733524313901171,41.71630859375,50.745760959643036,1
2023-11-10,1148.9461669921875,1149.6659373563402,1140.5831381668131,1144.3055869187945,7734954,1153.1826346261162,1146.3380591982886,0.18827013309943297,0.7635492846326668,9.082799189527123,24.36962890625,52.702678824605435,0
2023-11-13,1148.79736328125,1153.7606282722284,1147.3579437297892,1152.9167762849927,3854810,1152.7855922154017,1145.5155843098958,-0.012951321411958094,0.6572702422167582,6.402684542439147,1.0423583984375,60.011727271943364,1
2023-11-15,1169.5684814453125,1172.2982770196893,1154.9516911953865,1161.4039352802763,12220648,1155.3913051060267,1145.6845703125,1.8080750207099205,0.9575998667744742,17.346585824302792,34.023193359375,66.79161079819175,1
2023-11-16,1171.6778564453125,1178.353423134986,1164.8533675821152,1166.9131951067154,13134910,1156.9299142020088,1146.0780843098958,0.18035497993185157,0.920118050881063,13.50005555287089,31.41748046875,75.21607040692683,0
2023-11-17,1169.121826171875,1177.9067803474445,1167.384683548377,1167.8064883385834,7758634,1159.181117466518,1146.0851760137648,-0.2181512827418408,0.8719005624439579,10.522096799067413,17.545166015625,69.34683650606996,0
2023-11-20,1166.0445556640625,1170.5362129509904,1159.61703140789,1165.6474702823514,4490186,1160.134765625,1146.6843087332588,-0.263212134007329,0.873779833796825,10.919181543100422,14.716064453125,59.623878173423535,1
2023-11-21,1180.7109375,1185.227556641674,1171.4296571663483,1174.3083747965666,8214450,1164.9810267857142,1148.4037214006696,1.2577891440507694,0.7959516423696256,13.797899475325721,19.8033447265625,73.16700540860042,1
2023-11-22,1185.3267822265625,1188.4288224829827,1177.3855591701267,1178.7752974396924,8534814,1170.178257533482,1150.509556361607,0.39093774606135945,0.7897786758830916,11.04326331285597,31.96337890625,73.13965878179334,1
2023-11-23,1188.9500732421875,1191.1835423841578,1185.3268657327444,1185.3268657327444,8531542,1175.9143589564733,1153.6364164806548,0.3056786592486205,0.7675887477420038,5.856676651413409,29.5810546875,70.83566418813434,0
2023-11-24,1188.1558837890625,1192.474021001291,1186.7414260587238,1187.0144298509326,6749486,1178.5697021484375,1156.8495338076636,-0.06679754440481744,0.5200243116423213,5.732594942567175,41.3687744140625,70.40701748689767,1
2023-11-28,1188.404052734375,1191.034607263244,1178.899449291774,1188.155889499075,13792174,1180.9591587611608,1160.8177839006696,0.020886901180094952,0.5258511075245595,12.13515797146988,39.4578857421875,66.99384225861306,1
2023-11-29,1191.5308837890625,1197.1145563492605,1190.2156671664848,1195.1540911072586,12531306,1184.1604527064733,1164.0060860770088,0.26311177982716316,0.4918384745906096,6.898889182775747,42.7335205078125,74.95132119076348,0
2023-11-30,1179.9913330078125,1191.530923348677,1176.2440439527552,1188.5529645510346,28439984,1186.1528494698662,1165.5411493210565,-0.968464262088975,0.662515560350468,15.286879395921915,10.4228515625,62.57184955870753,1
2023-12-01,1188.3544921875,1189.3967050711567,1180.0658643673892,1180.2643464861462,14342842,1187.2447858537946,1168.055873325893,0.7087475090490347,0.5322159156957373,9.330840703767535,16.6766357421875,76.71457486702336,1
2023-12-04,1201.2093505859375,1215.9999042684665,1190.4887710727894,1215.9999042684665,15590990,1189.5137241908483,1170.9582054501489,1.0817360041088797,0.6480188934499564,25.511133195677075,32.0875244140625,79.52893302986413,1
2023-12-05,1209.919921875,1211.458582489934,1201.929016778731,1210.5403299982054,12693624,1192.5094168526787,1173.7364560081846,0.7251501401328131,0.6789271910501605,9.529565711203077,43.8753662109375,81.48808685327913,1
2023-12-06,1221.5091552734375,1227.3905513904704,1208.5549856031337,1214.560584514323,16422442,1197.274169921875,1177.078392392113,0.9578512750230361,0.7085374608406149,18.83556578733669,40.7982177734375,79.5538083265034,0
2023-12-07,1219.4989013671875,1221.4345260102064,1212.0291642243994,1220.9630401277734,8142096,1201.7162911551338,1179.8684547061011,-0.16457133354845777,0.7282022005367688,9.405361785806917,34.172119140625,77.24050076628032,0
2023-12-08,1218.8536376953125,1229.2516522307412,1213.5181285411948,1222.8739302715144,10204894,1205.6195417131696,1182.987037295387,-0.05291219788321477,0.7456604974288761,15.733523689546473,29.903564453125,78.9593477441872,1
2023-12-11,1220.6405029296875,1224.7351961410227,1217.1909371644088,1218.9777608532804,7066138,1211.4265659877233,1185.9047270275298,0.146602116867256,0.5021975943706478,7.544258976613946,32.484619140625,82.27685130926022,0
2023-12-12,1203.1201171875,1223.4198198791,1201.184371389843,1220.9630282642331,9197124,1213.5359409877233,1188.5872512090773,-1.435343633128383,0.8659096136252512,22.235448489257124,14.716064453125,62.81572267506639,1
2023-12-13,1208.03369140625,1210.2176004047435,1194.3103140708777,1202.102614795848,10031182,1214.5108468191963,1191.4009428478423,0.40840263150419,0.7823876108713409,15.90728633386584,16.5028076171875,62.94192050962008,1
2023-12-14,1223.0228271484375,1228.3831772791464,1212.3518080035872,1217.9851619285064,16972354,1216.3826904296875,1194.9354887462798,1.24078788934594,0.8719995585562562,16.0313692755592,43.031494140625,67.19247759811373,1
2023-12-15,1238.63232421875,1240.8161121066785,1225.9511593183302,1229.8969303201395,15932152,1218.828857421875,1198.2242431640625,1.2763046382958443,0.9272833694088358,14.864952788348319,50.27783203125,72.15679718452647,1
2023-12-18,1251.239013671875,1258.1379030406688,1236.3243792186838,1238.6323699765337,14165188,1223.3631591796875,1202.0128696986608,1.0177910915635469,0.9564496284160662,21.813523821984973,50.0296630859375,74.88200547192977,1
2023-12-19,1269.6527099609375,1277.4945707453207,1253.3234974409622,1268.1140495332209,16820604,1230.6201695033483,1206.8000546409971,1.471637000434134,1.0154163340350049,24.171073304358515,59.7327880859375,77.59460158675405,0
2023-12-20,1254.2913818359375,1289.8780864366483,1250.742696068458,1276.080186427869,17736722,1235.4274379185267,1211.0022844587054,-1.2098842466514048,1.222365107431319,39.13539036819043,32.7822265625,75.55470279820103,1
2023-12-21,1271.8614501953125,1277.2962009364337,1249.8741628164655,1254.2170195322976,13765454,1245.2476283482142,1215.342785063244,1.4007963870131368,0.9551286047638599,27.422038119968192,52.362548828125,77.01067098570596,1
2023-12-22,1273.102294921875,1280.9689971307214,1264.4661412408368,1270.3973397701047,16541784,1254.5431431361608,1219.5225713820685,0.09756131270208801,0.9832268797629266,16.502855889884586,54.2486572265625,75.1431237827541,1
2023-12-26,1279.554443359375,1286.453332624264,1271.935783794956,1274.5663382448713,7465664,1262.6190883091517,1223.8370651971727,0.5068051847236577,0.9618693353781734,14.517548829307998,58.9139404296875,74.74416320808406,1
2023-12-27,1283.9222412109375,1290.3992050276352,1277.0977519092014,1281.5150092423955,9204156,1269.089076450893,1228.3973679315477,0.3413530291134226,0.9248627159414642,13.301453118433756,80.8021240234375,73.37786800545024,1
2023-12-28,1293.2034912109375,1296.4047727896043,1283.922210219302,1285.38634910855,12302636,1275.0840018136162,1233.3878173828125,0.7228825626734547,0.9048013216749278,12.482562570302207,85.1697998046875,76.18121332692738,0
2023-12-29,1282.97900390625,1297.3973111899322,1280.1748079960485,1295.958012986606,10864584,1276.987758091518,1237.7424897693452,-0.7906325163964278,0.8938107120448094,17.222503193883767,59.9561767578125,71.32709791671911,1
2024-01-01,1285.609619140625,1293.848686885263,1277.1223881648043,1280.7952766903763,4030540,1281.4617919921875,1242.7719319661458,0.20503961688893568,0.6650181914768267,16.72629872045877,46.977294921875,71.48712251075715,1
2024-01-02,1296.255859375,1297.8937610136477,1277.0480485996618,1283.0039664322292,7448800,1284.9467075892858,1247.9100923084077,0.8281083212096307,0.5379882347075945,20.845712413985893,45.016845703125,82.26991809948856,0
2024-01-03,1282.16015625,1307.3238832997818,1279.132516403198,1295.412048372221,9037536,1286.240687779018,1251.764892578125,-1.0874167335911844,0.747884421400178,28.19136689658376,12.5074462890625,74.14707973526029,1
2024-01-04,1288.7860107421875,1295.337616733607,1280.0755785995668,1284.4928354763,9612778,1287.5594831194196,1255.5204206194196,0.5167727650784659,0.7487886985807527,15.262038134040267,34.49462890625,72.65723701586543,1
2024-01-05,1294.2705078125,1300.3009471094986,1289.456165302221,1291.888116528752,8086406,1289.037806919643,1258.9852469308037,0.42555529192578323,0.7538744964445776,10.844781807277514,22.4090576171875,70.60654833488557,0
2024-01-08,1284.1702880859375,1306.3063750382337,1275.0378087074926,1295.4120337021336,7734652,1287.747349330357,1262.0648367745537,-0.7803793461718667,0.7665823340540292,31.268566330741123,11.0679931640625,62.427388319665525,0
2024-01-09,1280.7705078125,1293.8239187379374,1279.132606160338,1290.448874370277,5403074,1287.431849888393,1265.0132591610864,-0.26474528378201967,0.711101136326326,14.691312577599547,1.216064453125,54.73174958930927,1
2024-01-10,1315.3148193359375,1319.7320764251056,1278.0654937339266,1279.0333061103788,11102740,1291.6754499162946,1269.5215599423364,2.697150762976075,1.2577211099550805,41.666582691178974,31.392578125,72.32611317047028,1
2024-01-11,1349.9088134765625,1352.489686993197,1318.7394856296971,1319.7321386109766,23725852,1299.3401576450892,1276.511497860863,2.6300923271046495,1.5306161189735292,33.750201363499855,56.705322265625,75.39153779556953,1
2024-01-12,1360.6541748046875,1363.2350482099334,1335.8626919019084,1349.9087552154865,15012164,1310.5535888671875,1283.7791399274554,0.7960064576844506,1.3400801225067736,27.37235630802502,77.6751708984375,76.8247646930781,1
2024-01-15,1383.88232421875,1386.1901939086483,1355.9639593887296,1364.897836134336,8610594,1324.1387765066963,1291.4391159784227,1.7071310141973939,1.3645596693935373,30.226234519918762,98.272705078125,78.98507766397613,0
2024-01-16,1364.5255126953125,1386.0413130880693,1360.4308194226976,1379.7627106993225,9069024,1334.1752057756696,1297.4340297154017,-1.3987324778040766,1.6447146234330872,25.610493665371678,68.2696533203125,70.67203476322561,0
2024-01-17,1351.5712890625,1376.0898877655304,1345.0694854389078,1349.511582817391,12197382,1343.803920200893,1302.2117571149554,-0.949357378245308,1.6722631324262738,31.020402326622616,69.4111328125,64.6925753097846,1
2024-01-18,1357.8995361328125,1360.92717605878,1341.3222805612156,1341.4712027363942,10279438,1354.8223528180804,1306.4139869326636,0.468214079532725,1.620623784037755,19.604895497564485,69.113525390625,69.23663275163125,0
2024-01-19,1357.4031982421875,1365.890429247957,1349.015329468004,1365.890429247957,10422704,1360.8349783761162,1311.3240734281994,-0.036551886013491686,1.4180586050240638,16.87509977995296,63.1326904296875,68.6380267933935,0
2024-01-23,1318.8138427734375,1361.671682300463,1312.8332056966303,1361.671682300463,20055420,1356.3928397042412,1313.5599016462054,-2.8428808417957585,1.5264883274726455,48.83847660383276,34.6435546875,55.11419520924211,1
2024-01-24,1334.00146484375,1339.5851376107455,1314.1980872328545,1325.4149927095905,21919128,1352.5853097098213,1316.4598621186756,1.1516122729174016,1.5750529030586582,25.387050377891,53.23095703125,61.69521136441746,1
2024-01-25,1343.1337890625,1354.1274927557365,1325.390118278632,1333.0831783387705,11808872,1346.7640904017858,1319.4874500093006,0.684581273665974,1.3984794704150443,28.737374477104595,27.8189697265625,62.12355643419845,1
2024-01-29,1437.4111328125,1441.8283899094502,1350.1817560391485,1354.474931519067,23893438,1357.1763218470983,1326.7964448474702,7.019207209119882,3.0538130192615216,91.64663387030168,87.5023193359375,72.87073112504662,0
2024-01-30,1397.2830810546875,1449.2484377227322,1394.1066401470152,1449.223597164783,14093978,1363.706577845982,1331.7526157924108,-2.791689228070482,3.2978371193058975,55.141797575716964,36.62890625,66.49057640670515,1
2024-01-31,1416.1435546875,1423.7125336444733,1392.195801594125,1393.684781061071,15130226,1372.0271519252233,1338.093784877232,1.349796178636642,3.3122521160454297,31.51673205034831,32.26123046875,68.88455751281079,1
2024-02-01,1416.1683349609375,1432.745590517861,1407.631543948549,1424.4569627393994,13349362,1380.4221714564733,1344.3108665829614,0.0017498419108363805,3.3109647122662285,25.114046569311995,51.642822265625,65.56847141079379,1
2024-02-02,1446.9901123046875,1464.063815224382,1422.6453963923934,1422.6453963923934,19652588,1398.7330671037946,1351.4886881510417,2.1764204567248813,2.9516526893885953,41.418418831988674,95.4188232421875,65.16275235346873,0
2024-02-05,1428.452392578125,1459.6961190035065,1421.007495677393,1450.0177530325548,8814432,1412.2260567801338,1358.4549851190477,-1.2811227643454104,3.120095872518536,38.68862332611343,70.5528564453125,60.33751410372524,0
2024-02-06,1417.309814453125,1431.2565145548228,1409.3933108861847,1431.2565145548228,9047984,1422.8226318359375,1364.5751662481398,-0.7800454661908263,3.1947646520039017,21.863203668638107,59.9066162109375,55.29187869249601,1
2024-02-07,1431.554443359375,1438.8504181404362,1418.7491963623445,1425.3752031215413,9296568,1421.9859619140625,1371.1124965122767,1.0050469389959238,1.7125779318861565,20.101221778091713,112.7406005859375,60.78587667548104,1
2024-02-08,1439.4708251953125,1448.752105824393,1417.0368932886952,1439.3467435794869,14694634,1428.0127825055804,1378.5077601841517,0.5529920201540195,1.2122522657455306,31.7152125356979,105.4693603515625,64.37734631476089,1
2024-02-09,1450.0177001953125,1461.160204582695,1440.2896534634558,1443.31729322881,12556798,1432.8519461495537,1386.567150297619,0.7326911261691604,1.1555044794050822,20.87055111923928,106.8839111328125,64.86226303317535,0
2024-02-12,1441.679443359375,1450.2659153474915,1431.7529141646626,1450.017752117624,6674430,1436.4963902064733,1392.5845133463542,-0.5750451759874653,1.2035420527659524,18.51300118282893,4.268310546875,63.26148399169725,1
2024-02-13,1454.3358154296875,1468.1337156942295,1443.3173918995335,1444.8063713272154,7715594,1437.5457763671875,1397.5572277250744,0.8778908604551328,0.9276653154163363,24.816323794696018,57.052734375,73.22051410763214,1
2024-02-14,1470.4912109375,1472.749520552248,1446.7916226083244,1446.7916226083244,7117888,1443.5513218470983,1402.787562779018,1.1108435435896347,0.7718873537470745,25.957897943923626,54.34765625,73.3090318110068,0
2024-02-15,1459.7952880859375,1473.8165098910026,1455.750276105359,1472.4516121931645,10006782,1449.6206752232142,1406.4024658203125,-0.72737074332756,0.758402907444903,18.06623378564359,43.626953125,69.81703131978898,0
2024-02-16,1449.843994140625,1466.1483668657747,1447.8339689108675,1465.6271998466532,9767498,1452.2334681919642,1410.4652506510417,-0.6816910580907831,0.8097228949620442,18.314397954907236,2.8538818359375,52.959916023825805,1
2024-02-19,1463.17041015625,1468.630001238923,1442.8458657695369,1451.30825618237,6729828,1455.6191231863838,1415.7794945126489,0.9191620663659084,0.8484121505231441,25.784135469386,34.718017578125,67.9804974119362,0
2024-02-20,1460.2174072265625,1464.659505178025,1451.0602075132597,1464.1880192365334,7117496,1457.0762241908483,1420.6517740885417,-0.2018222149101634,0.8306866948786292,13.599297664765345,42.9075927734375,63.17120416747227,0
2024-02-21,1456.916748046875,1477.5888193115914,1446.8414171157522,1463.170510366537,12720292,1459.2529820033483,1425.3905145554315,-0.2260388873158603,0.7928079229192292,30.747402195839186,25.3623046875,61.94356725208969,1
2024-02-22,1470.8634033203125,1474.0398440634356,1447.2878974462733,1457.3633484018678,18493728,1461.6140659877233,1432.6309698195685,0.9572719437904942,0.8053729386234554,26.751946617162275,31.392578125,57.76558318310687,1
2024-02-23,1482.6512451171875,1486.5474563697878,1472.4517119404402,1478.556551746289,14438584,1463.3512137276787,1439.7095307849702,0.801423284464442,0.7514519349094678,14.095744429347633,32.633544921875,68.43971542841479,0
2024-02-26,1476.3974609375,1483.5446346905887,1471.607959051116,1482.5768223248915,7513106,1465.7229527064733,1446.055419921875,-0.42179738494019237,0.7012092432864647,11.936675639472696,34.718017578125,70.79474784897917,0
2024-02-27,1474.73486328125,1488.9297276070065,1467.1907251784094,1472.1291493159845,10826044,1469.2787911551338,1447.832740420387,-0.1126117932493731,0.6144733935439359,21.739002428597132,20.3990478515625,66.67307695933422,0
2024-02-28,1444.930419921875,1480.3185210789975,1439.5205099276588,1472.1042938560004,8647950,1466.6730782645088,1450.1016613188244,-2.021003510628405,0.9756448088149063,40.79801115133864,-25.560791015625,51.803280539246394,1
2024-02-29,1450.0675048828125,1468.1088998815817,1443.8385832706604,1454.2365988812116,23628976,1465.2230922154017,1451.7170875186011,0.35552472908801924,0.9956229362982858,24.270316610921327,-9.727783203125,50.017059937246195,1
2024-03-01,1481.1622314453125,1488.979373154373,1451.7548888255135,1452.7475417409498,12132926,1468.686732700893,1454.812034970238,2.1443640697963895,1.3002560419661071,37.22448432885949,31.3182373046875,61.70025430381166,1
2024-03-04,1496.3250732421875,1501.337897909408,1476.2982516112518,1479.524373681886,10024420,1472.3241141183037,1457.1613188244048,1.0237124249434348,1.306563577394238,25.039646298156185,33.1546630859375,62.26087836787768,0
2024-03-05,1489.1778564453125,1496.3250301461744,1475.1319146195472,1494.7119691573153,7107668,1473.2564871651787,1460.0530075799852,-0.47765134225737915,1.3064906825955258,21.193115526627253,28.96044921875,55.75950210054156,1
2024-03-06,1491.9573974609375,1497.9133152152726,1467.6373999640691,1482.4775132325713,7805676,1475.4793352399554,1463.607654389881,0.18664936519132702,1.2884273142055505,30.275915251203514,35.0406494140625,60.42139337959579,0
2024-03-07,1468.059326171875,1492.056638756749,1464.7091224345347,1491.9325571368477,8315726,1474.5256870814733,1465.345982142857,-1.6017931430034826,1.4528200683085837,27.347516322214233,-2.8040771484375,55.41301735996239,0
2024-03-11,1455.82470703125,1478.060156044582,1452.7475073010382,1478.060156044582,11277130,1476.0820138113838,1466.1247384207588,-0.833387242770911,1.238622019082219,25.312648743543832,-26.8265380859375,47.8028333576749,1
2024-03-12,1464.5850830078125,1477.0676458601297,1454.2614676999044,1455.8248476863198,9432678,1478.1559535435267,1466.8184233165923,0.6017466206097666,1.250069981041432,22.806178160225272,-11.8123779296875,51.26254963040959,0
2024-03-13,1421.6527099609375,1472.2034859914554,1417.2850129833478,1468.9029635812572,13522134,1469.6545933314733,1465.864769345238,-2.9313676306674474,1.3664875836105572,54.91847300810764,-53.0821533203125,41.70656686783756,0
2024-03-14,1420.9578857421875,1437.882667347047,1415.0268084821887,1429.1224321842872,18571102,1458.8878522600446,1464.2753441220239,-0.048874399062559526,1.2081759429298502,22.85585886485819,-23.9725341796875,37.48296162216379,0
2024-03-15,1407.80517578125,1422.694969713975,1402.5193474045138,1415.4733954219128,19223818,1447.26318359375,1461.290294828869,-0.9256227853697174,1.2044871619951927,20.175622309461232,-42.2623291015625,31.35515755121304,1
2024-03-18,1428.8990478515625,1431.1325169373013,1406.1177116464064,1409.5671563330236,9169392,1438.254847935268,1459.8190452938989,1.4983516493044968,1.4577459097772392,25.014805290894856,-52.26318359375,38.98231368949089,0
2024-03-19,1414.778564453125,1427.0378036957163,1406.8373411480031,1418.252849649116,8275764,1430.643310546875,1458.1492629278273,-0.9882072088765459,1.4053853932253288,20.200462547713187,-81.5465087890625,36.852449081420474,1
2024-03-20,1433.142578125,1434.3833942099568,1413.5625245390722,1417.458614341769,8488806,1427.4030064174108,1456.7193661644346,1.2980132816030832,1.5492434381892657,20.820869670884576,-56.0352783203125,47.27854922092884,1
2024-03-21,1440.3145751953125,1447.1887452733042,1434.060934378195,1441.8532357214951,13006936,1423.935791015625,1455.7716122581846,0.5004384894973679,1.5408062842932317,13.127810895109178,-51.642822265625,47.769307484669156,1
2024-03-22,1444.3348388671875,1449.2732629085035,1436.716179238339,1439.321893152815,19527608,1427.1760951450892,1455.1724737258185,0.27912400118077496,0.9765740023467305,12.557083670164502,-23.7244873046875,40.386159690001534,0
2024-03-26,1430.983642578125,1441.7291835759677,1428.4276096750873,1434.3835274360674,11415906,1428.6083461216517,1453.2734375,-0.9243837322053361,1.0699155277275834,13.301573900880385,-24.841064453125,32.77965048233848,1
2024-03-27,1481.8819580078125,1488.9794509587407,1436.368843691532,1437.3614966588375,16326644,1439.1907435825892,1453.236804780506,3.556876117604446,1.573091747125432,52.61060726720871,17.296875,48.437526142314574,0
2024-03-28,1474.933349609375,1494.8856495085238,1467.786296896486,1481.90676076149,21854364,1445.7670724051338,1453.1670851934523,-0.468904311904772,1.5918432629073123,27.09935261203782,53.2806396484375,46.41812734074702,0
2024-04-01,1473.8663330078125,1482.9986918329437,1471.6080232736622,1481.509712382751,5013880,1454.2081821986608,1453.1257266090029,-0.07234337753940778,1.4866865700291456,11.390668559281494,52.908447265625,51.351656988093055,1
2024-04-02,1476.025146484375,1483.0233977342266,1464.1629930776332,1473.0968689675983,8910166,1460.334263392857,1454.6064278738838,0.14647281291491066,1.4594629504413428,18.860404656593346,68.219970703125,54.93331695671565,0
2024-04-03,1460.7880859375,1473.5436523631188,1458.1079713887636,1471.186101560143,7008292,1463.2590506417412,1455.116931733631,-1.0323035879955644,1.5589065018363364,15.435680974355137,31.8890380859375,49.10113885605796,0
2024-04-04,1452.1768798828125,1468.878217464342,1439.3467919062653,1468.878217464342,14490272,1464.3793422154017,1453.7366768973213,-0.5894904358534014,1.5869975446747207,29.531425558076762,37.3983154296875,58.627990333216935,0
2024-04-05,1449.3724365234375,1459.9938949751336,1445.3025839763254,1450.1417667351743,7442298,1467.006312779018,1451.5008370535713,-0.19311995654422986,1.5323782414347824,14.691310998808149,16.2298583984375,57.93702535789106,1
2024-04-08,1475.057373046875,1480.0206375610207,1450.265891033407,1452.226356281804,8357118,1466.0313720703125,1450.8284330822173,1.7721419199227428,0.8953715671155987,29.75474652761386,34.7427978515625,67.55636596321808,0
2024-04-09,1452.896484375,1478.8543827139297,1451.7549092714803,1478.060211901015,7071414,1462.8832484654017,1448.9683896019346,-1.5023746924568426,1.04607377992076,27.09947344244938,8.5616455078125,56.22988858346543,1
2024-04-10,1468.7044677734375,1476.0749645358123,1455.5766564963697,1455.5766564963697,9138330,1462.1458391462054,1448.9991106305804,1.0880323249758295,1.1575509244640474,20.49830803944269,37.7208251953125,63.87791633183525,0
2024-04-12,1456.3707275390625,1475.553696376268,1452.3255942645226,1465.031599863232,15551012,1459.3380650111608,1449.025111607143,-0.8397700493873339,1.1900151961460879,23.22810211174533,-25.51123046875,56.169283171994245,0
2024-04-15,1454.062744140625,1471.2356878788278,1435.6986653849476,1450.2658952456557,12902062,1458.3773018973213,1448.5240478515625,-0.158474992307589,1.1307066633917096,35.53702249388016,-20.87060546875,53.748291843916626,1
2024-04-16,1454.9810791015625,1460.366269889981,1440.265047408789,1442.6721581376476,9366184,1458.7779017857142,1450.1111130487352,0.06315648789145811,1.1064592828262931,20.101222481191826,-18.88525390625,52.95252346066868,0
2024-04-18,1453.56640625,1475.082206281391,1448.6279823176308,1452.7475160786112,19005692,1459.3770403180804,1451.6638997395833,-0.09722963905730575,1.1037864700122473,26.45422396376034,-22.458740234375,56.70692800524379,1
2024-04-19,1459.323974609375,1463.1705049395248,1432.42310285773,1446.0720814485835,15741778,1457.1294119698662,1454.117175874256,0.3960994375364457,0.8350589642884545,30.74740208179469,-1.464111328125,40.8459592832311,1
2024-04-22,1468.9774169921875,1471.930535229808,1457.0160218672338,1461.6317610616636,10350362,1459.4266880580358,1456.025669642857,0.6615009792733995,0.6251661130191455,14.914513362574098,16.800537109375,47.634997251631326,0
2024-04-23,1448.603271484375,1482.527235777458,1444.8561033979945,1468.1337674689391,14605554,1456.5550885881696,1457.6363699776787,-1.3869611113239366,0.7067564993533972,37.671132379463415,-0.7691650390625,41.30210938189521,0
2024-04-24,1439.5205078125,1457.7605053579202,1438.8504186169605,1452.7475596039474,10462776,1454.147914341518,1457.9400809151787,-0.6270014606944763,0.6783873325209814,18.91008674095974,-35.536865234375,38.00366814665526,1
2024-04-25,1449.2484130859375,1457.189636393573,1430.9091747445573,1431.9018276580116,15943926,1453.4601527622767,1458.365501767113,0.6757739970109977,0.7491371226856329,26.280461649015706,-3.6480712890625,46.06530561278641,0
2024-04-26,1441.878173828125,1454.2366552962403,1439.346860190818,1453.1943211694756,9413848,1451.5883091517858,1458.2485177176338,-0.508555965372337,0.7663535533819382,14.889795105422309,-26.8262939453125,46.45846853646476,1
2024-04-29,1454.2613525390625,1457.1152296530197,1439.3467183436048,1439.3467183436048,7247974,1451.6875871930804,1459.3569800967261,0.8588228142784482,0.8527849444368093,17.768511309414862,-2.109375,51.57729576284403,1
2024-04-30,1456.2218017578125,1472.178648628076,1452.1271085524606,1457.2144546560796,11474262,1451.244419642857,1458.1350678943452,0.1348072143516177,0.8386675614120427,20.05154007561532,2.1590576171875,42.824724453533996,0
2024-05-02,1455.7752685546875,1466.4710074185996,1453.368036621592,1461.185178797564,14512646,1449.3583984375,1457.2227783203125,-0.030663818010823185,0.7828581088136753,13.102970797007629,0.794189453125,51.314046022535415,0
2024-05-03,1423.46435546875,1464.1134460205978,1405.745524232649,1460.1925152681529,17226958,1445.767124720982,1454.8226841517858,-2.219498694878652,1.0304104998684074,58.367921787948944,-30.10205078125,32.053538136721755,0
2024-05-06,1409.095703125,1429.4202480421582,1407.5818831415145,1424.9533097670264,7394208,1441.4207240513392,1451.6355678013392,-1.0094142707927745,1.0636292985007734,21.838364900643683,-50.228271484375,31.5442644669059,0
2024-05-07,1391.17822265625,1410.311631866643,1381.772860502106,1405.571689953147,14517472,1433.1249825613838,1448.320812406994,-1.2715588039204029,1.0196905859793213,28.53877136453707,-77.7991943359375,28.11742297451825,1
2024-05-08,1408.1279296875,1422.4220356245855,1387.2325360419566,1387.2325360419566,9439002,1428.3035191127233,1446.2232433500744,1.2183706411740047,1.2271056292582725,35.18949958262897,-40.475341796875,35.332507392577384,0
2024-05-09,1383.88232421875,1413.2896685063718,1379.787630710347,1402.6186490602306,11009612,1418.2493722098213,1443.1046665736608,-1.7218325805192114,1.1972534320927941,33.50203779602475,-55.63818359375,30.913551748718433,1
2024-05-10,1397.0845947265625,1399.6406275450738,1377.8766636438304,1386.4879762578594,10505096,1409.8011997767858,1439.3916771298364,0.9540023943340525,1.3256066386861785,21.763963901243415,-52.163818359375,33.62063703679907,0
2024-05-13,1392.394287109375,1396.6379028351903,1373.8317248456565,1389.614931468387,8456620,1400.7467738560267,1436.5106201171875,-0.33572108910882026,1.3093389156355522,22.806177989533808,-49.48388671875,29.30522962961986,1
2024-05-14,1409.6414794921875,1416.590049599915,1389.738862101979,1390.6818338615062,7188300,1398.7720772879463,1433.6980968656994,1.2386715848007324,1.2595740627070204,26.851187497935825,-44.619873046875,39.290514853863804,0
2024-05-15,1405.86962890625,1419.468926315315,1402.6435067088078,1410.063563528233,5046534,1398.3112095424108,1431.2932826450892,-0.2675751700564555,1.203453772687424,16.82541960650724,-50.3521728515625,40.47215486325592,1
2024-05-16,1414.8778076171875,1417.012035618308,1387.75361519461,1408.1278405018506,14711774,1401.6968645368304,1429.4273332868304,0.6407549125266865,1.084936342196916,29.258420423698,-40.8974609375,40.228547948704424,1
2024-05-17,1425.15185546875,1426.6408349602225,1402.8668442157614,1412.5948920294334,10916476,1404.1288539341517,1428.0068940662202,0.7261438264315689,1.0258004221257313,23.773990744461116,1.6875,45.321999595776404,1
2024-05-21,1425.57373046875,1431.231803864575,1415.1260338425998,1415.1260338425998,11176128,1410.0847691127233,1426.6739095052083,0.02960210860205592,0.6183071372087929,16.10577002197533,16.47802734375,41.401369434978186,1
2024-05-22,1449.9185791015625,1457.9838844507517,1425.722663053995,1425.722663053995,10281604,1417.6324811662946,1426.2260335286458,1.707722870623285,0.7719949993895635,32.26122139675681,58.7403564453125,48.33423875524059,1
2024-05-23,1475.1319580078125,1481.2615172416956,1444.3100355832012,1447.8340020088174,14608260,1429.4521484375,1426.5191069103423,1.7389513638671694,0.7805455062100173,36.95148165849446,67.0040283203125,54.52330312663309,0
2024-05-24,1469.37451171875,1477.5638984586112,1465.2549777906745,1472.724715385057,7094776,1437.9854387555804,1427.5082135881696,-0.3903004241625929,0.8756462264477991,12.308920667936718,85.4921875,62.248401926416314,0
2024-05-27,1455.4774169921875,1473.990419113941,1450.8119965034373,1469.3497180106694,6629010,1445.072265625,1428.26806640625,-0.9457830264325784,1.0139640350658456,23.17842261050373,58.392822265625,62.405422930176705,0
2024-05-28,1445.5010986328125,1467.6373066821805,1442.0764946111178,1457.2144512745626,7820162,1449.447021484375,1428.089622860863,-0.6854327138920202,1.1034499596909084,25.560812071062628,53.1068115234375,65.17397735494954,0
2024-05-29,1430.1895751953125,1447.287997987601,1427.8815843874524,1435.87248908715,7383556,1450.1666957310267,1427.5330229259673,-1.05925367002363,1.1942553708639536,19.406413600148653,20.548095703125,56.219385539341026,0
2024-05-30,1414.3814697265625,1429.817270893488,1409.6663684202383,1424.9532474164846,13206858,1448.5678013392858,1425.6339808872767,-1.1053153891567913,1.2729600391672162,20.150902473249744,8.5118408203125,59.02745209126272,1
2024-05-31,1419.8907470703125,1431.653659822201,1411.800601617005,1420.7841589242364,31069832,1444.278111049107,1423.9039306640625,0.3895184900022164,1.0353138853991237,19.85305820519602,5.012939453125,57.07248896130247,1
2024-06-03,1499.228515625,1503.3728901534053,1448.2806515244756,1472.1043222829317,21527942,1447.7204764229912,1425.973132905506,5.5875967019565875,2.4074573200096956,55.092238628929636,74.07666015625,72.64599031216362,0
2024-06-04,1387.0091552734375,1487.0437791255476,1349.3131842665357,1487.0437791255476,36709098,1435.9539969308037,1424.2371709914435,-7.485140469382035,3.80984961706156,137.73059485901194,-38.5645751953125,46.57968101324857,1
2024-06-05,1410.3116455078125,1420.6352601794422,1373.9308915121778,1411.5524616660985,17464890,1429.501743861607,1424.2950730096727,1.6800530945147996,3.9160337055572305,46.70436866726436,-39.60693359375,50.63388248098562,1
2024-06-06,1421.0819091796875,1433.0929853880773,1410.9072166555904,1424.4569533735907,17855722,1426.0132882254463,1425.7190580822173,0.7636796949228142,3.935608514071929,22.18576873248685,-54.050048828125,50.88090455989091,1
2024-06-07,1459.1500244140625,1461.1850112482905,1416.0193060772324,1418.004611799037,18558696,1430.1504952566963,1428.148681640625,2.6788121774310447,4.047723383307337,45.16570517105811,-10.2244873046875,54.474174854479635,1
2024-06-10,1460.5894775390625,1482.3781598703026,1457.2888339961758,1459.150058153404,9251760,1436.7516392299108,1431.8014032273065,0.09865011142895508,4.000462047962098,25.08932587412687,5.112060546875,54.59577984655793,0
2024-06-11,1445.9727783203125,1462.847878399236,1443.9874724286744,1458.20717740815,11774902,1440.4776436941963,1434.1294119698662,-1.0007397316991185,4.042910480214179,18.860405970561487,0.4716796875,49.46854651648387,1
2024-06-12,1452.5738525390625,1465.1557773484808,1444.48382780751,1446.7916974833406,10081742,1433.8126918247767,1436.995105561756,0.45651441837086804,3.3342220175450854,20.6719495409709,22.38427734375,46.801312182763965,1
2024-06-13,1454.4847412109375,1461.433311890669,1449.3725542618724,1461.1851486521073,9181160,1443.4520612444196,1439.1304989769346,0.13155191170037828,1.191330986550237,12.060757628796637,40.103271484375,47.86537869897249,1
2024-06-14,1466.6944580078125,1468.8038455887872,1446.518713499826,1459.199879544848,8157998,1451.5067487444196,1442.0269194103423,0.8394530689067148,1.1144240417963494,22.28513208896129,46.8037109375,51.615910875015125,1
2024-06-18,1470.1439208984375,1476.4720837189377,1460.5399547367645,1476.4224025999808,7196766,1458.5156075613838,1444.6586390904017,0.23518619517457484,1.1167661327187142,15.932128982173253,-29.0845947265625,53.61804704246152,0
2024-06-19,1447.9332275390625,1476.571240472528,1445.3026730272272,1476.571240472528,8725874,1456.9132080078125,1445.7434663318452,-1.5107836072132064,0.8365595431648046,31.268567445300732,60.924072265625,52.553386140367024,1
2024-06-20,1462.8726806640625,1471.9554798675892,1439.446094050177,1448.280730003189,16113776,1457.2393798828125,1447.5196068173364,1.031777767155151,0.9424644774334221,32.509385817412294,52.56103515625,56.99557836618622,0
2024-06-21,1443.515869140625,1463.8652545834836,1429.9909727182371,1462.7982011333013,31170360,1456.888392857143,1447.2147158668154,-1.323205483244827,1.006713322019761,33.87428186524653,22.4339599609375,53.27733187114945,0
2024-06-24,1430.88427734375,1438.8503408924523,1426.9385064042085,1434.9045699529108,8878386,1453.7898821149554,1445.1076834542412,-0.8750573559260566,1.02727615445992,11.911834488243812,-28.2657470703125,38.36599058101474,1
2024-06-25,1443.46630859375,1445.2282918111714,1430.412898092634,1432.3982039886682,7045386,1452.2158203125,1443.8739594959077,0.8793185758779076,1.1046934687283967,14.815393718537507,-17.1231689453125,64.54415949936319,1
2024-06-26,1502.9013671875,1507.8149506909176,1434.5075565031482,1435.425808927042,22014882,1457.3882359095983,1446.1322428385417,4.11752309284259,1.9456679019021943,73.30739418776943,56.9285888671875,70.10885097506699,1
2024-06-27,1519.304931640625,1526.2038207675607,1494.9352546835423,1502.6283145931025,28383030,1464.4112374441963,1449.6467110770088,1.0914598130828956,1.962988756852923,31.268566084018403,66.7310791015625,70.82279008405789,1
2024-06-28,1553.89892578125,1569.3842873036351,1519.7764812043604,1519.7764812043604,28957336,1479.5491943359375,1455.537632533482,2.276961880408601,1.8385229455048409,49.60780609927474,99.4141845703125,70.38658668744068,0
2024-07-01,1548.6875,1567.7960689891884,1544.2454023527885,1551.0450507194453,7724306,1491.8084542410713,1461.9331577845983,-0.33537739776928754,1.909356455728668,23.55066663639991,81.9930419921875,68.65278479200191,1
2024-07-02,1553.6756591796875,1561.9394466769938,1545.5606726889605,1557.968834801107,7749246,1507.5455671037946,1468.3038678850446,0.32208945831146973,1.6881278283690127,16.378773988033345,83.53173828125,73.7729591891723,0
2024-07-03,1541.019287109375,1563.4283787351976,1531.440162014497,1554.8170660210362,9049620,1523.2791399274554,1470.2939046223958,-0.81460837695011,1.6766463518323138,31.98821672070062,93.0860595703125,69.01404458851124,1
2024-07-04,1542.6075439453125,1555.983518377374,1539.4062623766438,1545.5606622734106,6837176,1537.442173549107,1477.7033517020088,0.1030653444264562,1.7170655800954457,16.57725600073013,79.73486328125,68.97100143694624,1
2024-07-05,1576.9532470703125,1586.755694667964,1536.6267221432645,1542.4088769403463,12269710,1548.0210135323662,1485.6386660621279,2.2264705796238182,1.2134816434083033,50.12897252469952,133.4373779296875,71.6709917158673,1
2024-07-08,1589.13818359375,1596.9801663885871,1570.898185044045,1577.3255888697254,9500806,1557.9971923828125,1493.641345796131,0.77268850843073,1.2020833190604618,26.0819813445421,158.25390625,72.61147412835268,0
2024-07-09,1578.5911865234375,1588.7410386525216,1568.887979750272,1585.8623208770043,6960002,1561.524658203125,1499.3290201822917,-0.6636928858169577,1.0419967728053783,19.853058902249586,135.1248779296875,75.97941937751335,0
2024-07-10,1572.5855712890625,1585.7630632323037,1551.6654591589945,1583.281430895477,7134578,1564.9386683872767,1504.6621675037202,-0.3804414522040611,1.0462033646233886,34.097604073309185,69.6842041015625,72.61836813786925,0
2024-07-11,1569.036865234375,1592.463449956501,1558.9614138424097,1575.8365135146928,11940946,1567.1331263950892,1510.5223621186756,-0.22566060120839948,1.058031224925406,33.502036114091425,49.73193359375,77.68164711329825,1
2024-07-12,1584.9937744140625,1593.3569240772113,1562.9320865975435,1572.8586162043875,12924784,1573.4151960100446,1516.8280726841517,1.0169875248472238,1.00626115219566,30.424837479667758,31.0948486328125,83.49511369021056,1
2024-07-15,1585.4901123046875,1594.0517441522056,1573.8512804915936,1592.6620057625546,5329688,1579.5412772042412,1523.0664236886162,0.03131481641360789,1.0102314273988733,20.20046366061206,36.8026123046875,82.57994057836683,0
2024-07-16,1564.669189453125,1588.24469666931,1557.5965372882697,1581.792452589091,9386838,1577.786411830357,1527.7318870907739,-1.313216821093699,0.8072611257001613,30.648159381040387,10.9935302734375,67.22011301250053,1
2024-07-18,1575.0177001953125,1582.1895936713806,1546.379565062024,1564.4210812674708,12298374,1575.7691999162946,1532.7258765811011,0.6613864970271832,0.7878668754877028,35.81002860935655,33.9984130859375,66.07474561764985,0
2024-07-19,1543.7242431640625,1578.293333314245,1541.3915329908289,1574.3475621142547,13140390,1570.7882080078125,1537.287353515625,-1.9868638319029297,1.0528749988998356,36.90180032341618,1.11669921875,47.0073109063269,0
2024-07-22,1489.6495361328125,1526.203933085127,1488.2597977476694,1525.9557698439748,19674376,1558.9402029854912,1538.5624418712798,-3.5028734743724033,1.6033465218069503,37.94413533745751,-87.3037109375,36.5121188711922,0
2024-07-23,1476.96826171875,1494.6870915999891,1452.2511804820083,1489.9719903646578,18052044,1545.7875453404017,1540.1554129464287,-0.8512924756103102,1.5859493304739232,42.43591111798082,-112.169921875,33.07044017227341,1
2024-07-24,1484.7109375,1498.4095963901725,1465.552808673545,1474.0895996286229,11913362,1531.46142578125,1542.7185872395833,0.5242276345356123,1.497795578961991,32.85678771662742,-93.8802490234375,37.29705436227786,0
2024-07-25,1481.4351806640625,1489.4508041915794,1466.2227025912728,1470.1189136102262,12519876,1516.596435546875,1544.5266287667412,-0.22063263314091586,1.4739736137310029,23.228101600306672,-91.150390625,36.30403102995532,1
2024-07-26,1497.9381103515625,1501.3131545447015,1479.4002684339398,1481.4352554076795,9859940,1507.0634242466517,1544.290283203125,1.1139825692611405,1.6507222062430729,21.912886110761747,-71.0987548828125,30.773009998277175,1
2024-07-29,1508.9317626953125,1516.2774189432153,1500.6679751498336,1500.8416167163412,7538550,1497.6225760323662,1543.7963227771577,0.733918996237426,1.660224957838853,15.609443793381615,-76.06201171875,30.369320914879978,0
2024-07-30,1502.03271484375,1513.795627121447,1498.9058340677934,1505.8792447159435,8228208,1491.6666434151787,1541.3265032087054,-0.45721403857514886,1.5436019759224002,14.889793053653648,-83.4573974609375,30.92148131563529,0
2024-07-31,1494.364501953125,1499.3524857083617,1490.1208866802615,1492.9499231376883,10057346,1492.3402099609375,1538.7396937779017,-0.5105223617864252,0.7395577041348638,9.231599028100163,-70.3046875,30.667357764319206,1
2024-08-01,1504.1671142578125,1506.8472288436842,1493.2479314401046,1500.8913109431162,10764222,1496.2257603236608,1536.3821440197173,0.6559719728269409,0.6480159826244629,13.599297403579612,-70.8505859375,34.447956949345595,0
2024-08-02,1488.3092041015625,1498.2357327232485,1482.3037269895096,1493.9425575637474,10268248,1496.7397984095983,1533.8721400669642,-1.054265181437275,0.7989551146178747,15.932005733738833,-55.4150390625,26.80958114128576,0
2024-08-05,1436.6912841796875,1472.9976360481728,1422.7197433328895,1469.1262655731218,17046704,1490.3478131975446,1528.8285086495537,-3.468225539398906,1.55700517824004,50.277892715283315,-52.958251953125,21.338496178654268,1
2024-08-06,1445.3524169921875,1466.6447748995176,1440.6620347326757,1444.4590050773538,10236186,1482.8355712890625,1522.561802455357,0.6028527428176833,1.4829376622949326,25.98274016684195,-31.6158447265625,25.887788173152302,1
2024-08-07,1454.062744140625,1461.6814036613468,1450.7622216985117,1458.207118491354,8174568,1474.9971400669642,1516.129638671875,0.6026438290091196,1.465464914556576,10.919181962835182,-30.648193359375,25.393815469322945,0
2024-08-08,1438.478271484375,1454.2366377811502,1435.3018303695276,1446.816580877676,12387192,1465.917933872768,1509.4575950985864,-1.0717881823910314,1.479530848344373,18.934807411622614,-42.9569091796875,27.127663807762815,1
2024-08-09,1463.46826171875,1465.6520496932055,1445.3026646483625,1449.2732763644294,6249776,1461.504185267857,1504.2615327380952,1.7372518396532755,1.7269845671079196,20.349385044843075,-34.4698486328125,43.48685357301853,0
2024-08-12,1449.8936767578125,1462.1777566892652,1447.0397996020206,1459.199797918004,8184584,1453.7508370535713,1498.5880475725446,-0.9275626479931298,1.6864081155241282,15.137957087244558,-59.0380859375,43.29442723503472,1
2024-08-13,1452.8717041015625,1459.2742672925806,1447.28803114191,1450.0178268110735,6265064,1448.6883370535713,1492.2965204148065,0.20539625708344555,1.6860207455241005,11.986236150670493,-49.1610107421875,41.92375551081604,0
2024-08-14,1451.1097412109375,1461.1851932386814,1443.0195951522678,1452.7973239887267,6267466,1450.7481166294642,1485.8974551246279,-0.12127449971328641,0.9712384251056893,18.165598086413638,-43.2547607421875,42.2482085999683,1
2024-08-16,1467.339599609375,1469.5235088888628,1447.337738823352,1457.8598362701878,9416902,1453.8891427176338,1481.2627127511162,1.1184445901998963,1.0293986137856306,22.185770065510724,-36.8275146484375,42.1674714915748,1
2024-08-19,1482.4791259765625,1492.3397678065596,1474.6105280885963,1476.6025720306277,13797742,1457.9486258370537,1476.8561139787946,1.031767040923448,1.0680067366639552,17.72923971796331,-5.830078125,43.36945506528349,1
2024-08-20,1489.9990234375,1497.942395948273,1484.0976661921163,1491.268975771349,8411808,1465.3087332589287,1474.2977701822917,0.5072514903698089,0.885666180841587,13.844729756156767,53.3077392578125,46.993027043844826,1
2024-08-21,1492.7132568359375,1501.8766102174725,1484.072717714687,1487.30978907883,7769996,1469.4865897042412,1474.4436616443452,0.18216343472330365,0.7016606114491425,17.803892502785402,47.36083984375,49.576912899793385,0
2024-08-22,1492.1654052734375,1500.5070892244864,1484.720165407205,1497.0210123494212,10445782,1475.5254080636162,1475.1673351469494,-0.03670172821144124,0.4955588681428751,15.786923817281377,38.1026611328125,46.77178498442335,1
2024-08-23,1494.008056640625,1505.3128818837536,1492.4642955105633,1497.768063961028,9249654,1481.4020298549108,1475.6100551060267,0.1234884122548019,0.5021849366841796,12.848586373190301,55.52978515625,51.657872738158744,1
2024-08-26,1506.5828857421875,1516.941539085057,1497.021098650585,1500.9802618699923,8816114,1489.3267647879463,1476.8075648716517,0.8416841559635069,0.46594211299181887,19.920440434472084,43.1146240234375,76.30879539176098,0
2024-08-27,1494.481201171875,1507.4544123852302,1493.485179145279,1504.4912711730517,6251156,1493.204136439732,1476.6429501488096,-0.8032538192779826,0.6107712485577418,13.969233239951109,44.5875244140625,68.0262791324733,0
2024-08-28,1492.33984375,1501.4782728482842,1487.0608784010917,1499.0131426615155,9610286,1494.6128104073662,1475.8528587704614,-0.1432843330646083,0.519114070714559,14.417394447192464,39.4681396484375,64.75590817968772,1
2024-08-29,1514.874755859375,1530.885760314005,1488.0568158159556,1497.1205913811584,38335358,1498.1664864676338,1476.4643845331102,1.510038896552457,0.7420452574316827,42.828944498049395,63.7650146484375,77.95306258084341,0
2024-08-30,1503.6197509765625,1533.599989641746,1497.3447635789732,1527.89778785993,41620730,1499.7245570591517,1476.9051106770833,-0.7429660332829102,0.8309480057250317,36.25522606277286,36.2801513671875,66.33284703718527,1
2024-09-02,1510.2183837890625,1520.7264647058682,1500.6316718721823,1504.8647654458696,11240852,1502.3035539899554,1477.1932663690477,0.4388498360848425,0.83666140708584,20.094792833685915,27.7392578125,76.01538876207643,0
2024-09-03,1503.1217041015625,1516.941509382377,1501.5031683479538,1515.1984708784903,10923800,1503.605503627232,1477.8986235119048,-0.4699108263862328,0.872056197202428,15.438341034423274,13.1226806640625,70.92719648935866,1
2024-09-04,1508.525146484375,1511.463362707152,1493.534966971581,1494.7301447200666,11983304,1503.8829694475446,1481.3192836216517,0.3594813625582116,0.8203074269107282,17.92839573557103,15.8118896484375,73.20741497303511,0
2024-09-05,1487.035888671875,1519.7054581926027,1481.1345314015284,1513.0072347057646,16264168,1502.8193533761162,1483.304210844494,-1.424521020586289,0.948048025887145,38.57092679107427,-5.1295166015625,57.63659081443338,0
2024-09-06,1458.997802734375,1491.0448575756725,1455.8105811316243,1486.5627588054049,19394228,1498.0562046595983,1483.5392136346727,-1.8855016312041895,1.1732173174239908,35.23427644404819,-35.01025390625,41.723682455544036,0
2024-09-09,1456.63232421875,1464.07768593117,1449.809597840599,1460.666261949736,9010298,1489.7358572823662,1484.4036923363096,-0.162130368612734,0.8705584976720625,14.268088090570927,-49.9505615234375,37.79601385862771,0
2024-09-10,1455.7110595703125,1466.1942153054945,1451.7766997689328,1454.6901127162012,10768260,1482.8917585100446,1484.0343017578125,-0.06324620380312451,0.8839353602155697,14.417515536561723,-38.7701416015625,36.28645520416362,0
2024-09-11,1445.7259521484375,1462.9073318760024,1441.7917138302157,1457.2300550346945,9760202,1473.6785539899554,1483.8358386811756,-0.6859264657110176,0.7910557215432573,21.115618045786732,-46.6138916015625,33.91410754484983,1
2024-09-12,1473.913330078125,1480.088617533546,1440.1232367942907,1451.2039809867947,22349376,1469.5059291294642,1484.8378208705358,1.9497040838064361,1.257868905475476,39.96538073925535,-40.96142578125,44.11378527631054,0
2024-09-13,1466.766845703125,1477.2500011980833,1463.6542770635715,1470.526852936648,8711328,1463.5404575892858,1485.5833972749256,-0.48486462732657554,1.2272013035351461,13.595724134511784,-36.8529052734375,37.95386339244627,0
2024-09-16,1465.4969482421875,1475.0090069946318,1458.9232273463058,1471.6723576050656,5481774,1460.4634660993304,1485.4956519717261,-0.08657800417685158,1.1410789426416796,16.085779648326024,-44.721435546875,40.61591238741142,1
2024-09-17,1466.4432373046875,1471.5975781970765,1460.790763828237,1468.1364260685732,5935328,1461.527099609375,1484.7320382254463,0.0645712066227766,0.8668454143128326,10.806814368839468,-36.678466796875,41.550196164339916,0
2024-09-18,1457.6282958984375,1476.10455198121,1454.7399294679983,1464.1522884024148,8574714,1461.6693812779017,1483.1905750093006,-0.6011103043068844,0.902100333895892,21.36462251321177,-50.8968505859375,29.484194583925017,1
2024-09-19,1463.82861328125,1470.6264144806405,1449.7598031867433,1460.4171894563085,16955902,1462.8290318080358,1481.8151157924108,0.425370267595615,0.9140225111846109,20.866611293897222,-23.207275390625,35.2037134040778,1
2024-09-20,1480.0140380859375,1489.0528890965668,1465.5218693608433,1468.136427109257,30897320,1467.727329799107,1481.2364792596727,1.1056912440321032,0.9136584914885472,23.531019735723476,21.0162353515625,39.516023788661236,1
2024-09-23,1487.434326171875,1495.5270047691104,1483.026880271187,1485.0687739665293,8832314,1469.658900669643,1480.9234444754463,0.5013660610634352,0.5973368234779752,12.500124497923252,30.802001953125,44.5670913132478,0
2024-09-24,1483.4501953125,1494.530939532627,1481.9561623839436,1482.5786761041754,17137444,1472.042236328125,1479.8218877883185,-0.2678525558589717,0.5647229984381726,12.574777148683324,27.7391357421875,41.2297345531739,1
2024-09-25,1488.0069580078125,1490.546862638843,1474.3116560624171,1477.9970102640052,7069002,1475.2579520089287,1479.5135904947917,0.3071732849347697,0.5552430470196168,16.23520657642598,42.281005859375,50.38527816066123,1
2024-09-26,1491.9910888671875,1498.017070530802,1482.1305684499498,1484.7202013028073,18818998,1478.9076450892858,1479.4969831194196,0.2677494777785894,0.5511006738507678,15.886502080852097,18.0777587890625,66.17827158661161,1
2024-09-27,1520.1038818359375,1527.3747692811155,1486.06478230705,1493.0369361114394,20597478,1487.832728794643,1479.7459891183037,1.8842467075386393,0.6945577547133874,41.309986974065396,53.3370361328125,74.84886398284146,0
2024-09-30,1470.701171875,1518.9086621673466,1468.5348969230115,1513.3558880158446,27008814,1488.8145228794642,1478.1784377325148,-3.249956174131363,1.6217966371751258,50.37376524433512,5.2042236328125,54.25380160634278,0
2024-10-01,1458.997802734375,1482.0308103038055,1457.0057588364782,1474.7599230273088,16431642,1485.8122035435267,1475.7393624441963,-0.7957679890677194,1.5797401746325677,25.02505146732733,-7.4454345703125,53.729830755709,0
2024-10-03,1401.3780517578125,1443.634334423912,1396.4975195620746,1430.8602791168494,37757294,1473.5184500558037,1470.8944266183037,-3.949269208533057,2.0723801265053656,47.136814861837365,-56.250244140625,32.50874696586402,0
2024-10-04,1381.0093994140625,1411.711728297617,1376.2782950115372,1398.34020617394,37072876,1458.8840506417412,1464.8222481863838,-1.4534730523430572,2.067308782514839,35.43343328607966,-82.8192138671875,30.55999070233355,0
2024-10-07,1365.272216796875,1390.9447078848398,1355.9594355150189,1387.9566419173104,22181340,1441.3505161830358,1459.0239780970983,-1.1395420352580121,1.9857320137517227,34.985272369820905,-114.7418212890625,28.678922687557687,1
2024-10-08,1391.791259765625,1395.4267642320656,1359.669551595401,1367.513224520688,17020808,1427.0362548828125,1455.8236665271577,1.9423996652453202,2.2728752560264125,35.75721263666469,-95.64306640625,35.67742573116563,0
2024-10-09,1369.1318359375,1395.4019165531051,1367.040214025334,1391.9656892391697,14310610,1405.4688197544642,1451.6569766090029,-1.628076313106086,1.895103593134247,28.361702527771058,-114.318359375,33.87772330270464,0
2024-10-10,1365.595947265625,1380.4864268287754,1363.9774115920343,1374.5352199766685,22358646,1390.4537876674108,1447.3657807849702,-0.25825772062730845,1.7585992117545646,16.509015236741106,-122.4110107421875,31.928542555580506,1
2024-10-11,1366.6417236328125,1377.7723178051706,1363.3797273571677,1364.5501018082973,7980122,1377.2600620814733,1443.599865141369,0.0765802190085152,1.809001167193925,14.39259044800292,-125.349365234375,27.913041575742128,1
2024-10-14,1367.0650634765625,1374.5849563155427,1362.8070452852592,1373.962442591221,12221432,1372.3582066127233,1438.5118524460565,0.03097665148292794,1.2291646595399057,11.777911030283576,-153.038818359375,25.892682077708457,0
2024-10-15,1338.678466796875,1366.243302159234,1335.3666207605413,1353.1207855156183,33762794,1366.3109305245537,1432.4124058314733,-2.076462740368623,1.3401690361523824,30.876681398692654,-132.022705078125,23.587143695808848,1
2024-10-16,1348.6884765625,1358.574043806933,1332.3039628645522,1334.6695151768993,20034438,1363.9418247767858,1426.85009765625,0.7477531023245998,1.364672365900139,26.2700809423809,-110.309326171875,25.077967537728156,1
2024-10-17,1351.0291748046875,1363.0062419523483,1346.6715786036464,1360.2671814831224,15543660,1358.1186697823662,1421.3541899181548,0.17355366215876522,1.032424138236776,16.33466334870195,-50.348876953125,24.634841530361925,1
2024-10-18,1353.8927001953125,1362.9814005892638,1335.98910817891,1346.796043723323,12082452,1355.941650390625,1416.4143996465773,0.21195141037859688,0.8989299762301173,26.992292410353684,-27.11669921875,17.102003933450277,1
2024-10-21,1363.7532958984375,1368.5342502099145,1352.3239675798943,1361.686598848784,14067408,1355.6784144810267,1411.6489083426338,0.7283144152932186,0.9558152438674133,16.210282630020174,-1.5189208984375,24.903566368624254,0
2024-10-22,1338.006103515625,1370.5262455038624,1334.8935348258,1363.7532474009167,15831960,1351.587611607143,1404.8866257440477,-1.8879655477459623,1.1852180840473976,35.63271067806227,-53.78515625,23.363654149207647,0
2024-10-23,1333.2003173828125,1352.0748848775756,1329.689315659354,1332.1793705575924,17214742,1346.749790736607,1397.5421491350446,-0.35917520257832125,1.1764208999791088,22.38556921822169,-35.9315185546875,30.442833371618107,1
2024-10-24,1334.4703369140625,1338.3547254831988,1317.8616212723591,1329.9633130042932,22155934,1346.1486293247767,1390.4478701636904,0.09526096826493191,0.8995440047628653,20.493104210839647,-31.1256103515625,35.00723589001447,0
2024-10-25,1322.5677490234375,1339.002111534351,1316.7410448137834,1338.1555171764887,18597496,1342.4170968191963,1382.569812593006,-0.8919334931152934,0.8728690012228179,22.26106672056744,-44.073974609375,35.8940571455299,1
2024-10-28,1329.0418701171875,1347.6177038778262,1316.8406011796387,1331.6813526124563,10824350,1339.2760532924108,1374.810325985863,0.4895114899429842,0.9074569468315211,30.77710269818749,-38.023193359375,26.109224693001337,1
2024-10-29,1334.66943359375,1337.856655249044,1315.0478495098762,1322.8167478889227,12008361,1336.5298723493304,1365.9801141648065,0.42343011180425716,0.9279343863525721,22.808805739167838,-4.009033203125,34.923752581988126,1
2024-10-30,1338.553955078125,1344.62966480214,1320.0776988278842,1329.6893351932274,11984423,1332.929966517857,1359.6873895554315,0.29104745988790537,0.867765251695051,24.551965974255836,-10.134521484375,38.20593089495821,0
2024-10-31,1326.7510986328125,1337.6574904459744,1320.8745447599274,1334.6694245700712,9331650,1331.3221086774554,1353.389927455357,-0.8817617250717169,0.5937843391376132,16.782945686047015,-24.278076171875,34.09457281031703,1
2024-11-01,1333.3248291015625,1336.6116286385318,1327.6972806767253,1327.7471304089104,2127335,1331.3398960658483,1350.1492978050596,0.4954757886030059,0.6233217472607226,8.91434796180647,-20.56787109375,37.175870593213425,0
2024-11-04,1296.9700927734375,1334.6695017714562,1279.9878687625326,1332.5280301195803,19796890,1325.9827183314733,1346.147426060268,-2.726622615482377,1.1997191985269375,54.681633008923654,-66.783203125,35.05268472024996,1
2024-11-05,1300.1075439453125,1304.340637375998,1281.0336986406933,1287.8564249120311,16267479,1322.7741176060267,1343.0443464006696,0.2419062081197243,1.1987926016728359,23.30693873530481,-37.8985595703125,31.687665822160426,1
2024-11-06,1320.0777587890625,1323.0160966964434,1295.0277806900112,1304.7888451117578,21625209,1321.4935302734375,1339.629417782738,1.5360433017062691,1.3591921986979165,27.988316006432115,-13.12255859375,39.70173477643511,0
2024-11-07,1300.4561767578125,1318.7331565363688,1297.4182609581876,1318.7331565363688,9611974,1316.605922154018,1336.3591482979912,-1.4863959263467397,1.4291526284343266,21.314895578181222,-34.01416015625,34.00419780550655,0
2024-11-08,1278.6431884765625,1296.4720058402277,1269.9279963447846,1292.4879180085577,19814406,1308.0472412109375,1332.218540736607,-1.6773335904045839,1.4723602421390025,26.544009495443106,-43.924560546875,26.224281294842356,0
2024-11-11,1267.6370849609375,1280.884225507143,1261.9598084895413,1273.8622221377802,9056552,1299.6023821149554,1327.5040341331846,-0.8607642550177097,1.4718132441196898,18.924417017601627,-61.40478515625,28.577937092016356,1
2024-11-12,1269.1810302734375,1284.1712099692156,1262.4578817905294,1270.4759075040322,10671091,1290.4389822823662,1322.8428896949404,0.12179710824313794,1.429961157254293,21.713328178686197,-65.4884033203125,30.116062870800633,0
2024-11-13,1247.0693359375,1270.3761523895544,1244.5294313213271,1265.196886863478,14633633,1283.310302734375,1318.4805501302083,-1.7422017670066903,1.2312324615395238,25.846721068227225,-91.484619140625,25.96550661529382,1
2024-11-14,1262.5574951171875,1267.537605244334,1246.1231316976048,1248.613186761178,12612633,1277.946010044643,1314.3790748232886,1.2419645590951989,1.3869385230894142,21.41447354672914,-64.193603515625,33.81684877501522,0
2024-11-18,1255.7347412109375,1267.8364328732807,1238.951794764919,1262.55746761959,13620611,1268.754150390625,1309.8412446521577,-0.5403915411881233,1.092200585123333,28.88463810836174,-77.590087890625,30.268141827864568,0
2024-11-19,1236.710693359375,1276.4021442257297,1230.236550606767,1255.734688515481,14183746,1259.6476527622767,1304.2611490885417,-1.514973443612555,1.095650906211229,46.1655936189627,-60.2593994140625,25.40638048000706,0
2024-11-21,1218.1348876953125,1239.0014996478671,1212.407761281373,1236.7107220331202,19433843,1251.0036097935267,1297.326939174107,-1.5020332373453904,1.0716026240230203,26.593738366494108,-81.97265625,21.844451535454127,1
2024-11-22,1260.3662109375,1263.8024380613526,1217.586994857739,1224.509420421979,20471957,1249.9649135044642,1293.6298014322917,3.4668839771996307,1.8896082718473062,46.21544320361363,-59.7115478515625,36.41182811228041,1
2024-11-25,1281.8802490234375,1299.260783408558,1277.3483005192684,1284.868314871977,28923341,1251.779087611607,1291.1859886532739,1.7069672210535236,2.0073218009434877,21.91248288928955,-18.575927734375,40.07684526590213,1
2024-11-26,1290.545654296875,1292.687125909721,1279.0914013187908,1289.7986377983043,9247557,1257.989990234375,1289.0943371000744,0.67599179252813,1.825338114916797,13.595724590930331,11.9024658203125,48.61258519595267,0
2024-11-27,1288.0555419921875,1298.6632001168684,1280.8842325588682,1288.3543972122054,9572746,1261.632568359375,1287.4508986700148,-0.19295034595612215,1.8092720015377648,17.778967558000204,20.41845703125,47.38996507264108,0
2024-11-28,1265.7447509765625,1291.442044503892,1264.0017125526565,1284.818474176107,15027412,1263.0625697544642,1284.4367501395088,-1.7321295773564005,1.9519656852675302,27.44033195123552,-3.436279296875,38.35149236232078,1
2024-11-29,1287.0595703125,1294.3305794929802,1270.177046170391,1274.9081506356404,13202307,1270.2552664620537,1282.1696137927827,1.6839745390603067,1.8757253987663713,24.153533322589283,39.990234375,47.14859028714939,1
2024-12-02,1303.9422607421875,1306.133460567327,1271.9699779978705,1282.876370557777,11024152,1282.513462611607,1280.5214378720239,1.3117256434050262,1.6402262751186372,34.16348256945639,41.384765625,55.500236198321666,1
2024-12-03,1318.035888671875,1321.5219654799555,1301.8006823317874,1311.760901783446,16869482,1290.751988002232,1280.1064278738838,1.0808475462453115,1.2379782594424784,19.72128314816814,62.3011474609375,60.811982173599475,0
2024-12-04,1303.742919921875,1323.1156203515295,1298.8625094957515,1320.7251432865569,19608540,1293.8752267020088,1278.697765531994,-1.0844142312697147,1.2884757192388347,24.253110855778004,67.0322265625,57.02996857096461,1
2024-12-05,1316.7908935546875,1324.6593698468237,1300.9541199209712,1309.1214514378748,16858723,1297.624546595982,1279.641613188244,1.0008087816572253,1.312049034958957,23.705249925852513,98.656005859375,64.72444087191859,0
2024-12-06,1306.3326416015625,1318.6334884089777,1304.7887589399247,1318.6334884089777,9037514,1300.235560825893,1279.9380464099702,-0.7942226821521237,1.3678444931502398,13.844729469052936,45.9664306640625,59.44551090245527,0
2024-12-09,1289.9979248046875,1309.7689372979064,1287.9560310594236,1297.816673231309,14650002,1303.7002999441963,1278.5056733630952,-1.250425525373744,1.2618959069689537,21.81290623848281,8.11767578125,57.10157321337307,0
2024-12-10,1279.73876953125,1289.7488386952923,1275.107243177966,1284.121290398709,16043729,1302.6544712611608,1277.5191301618304,-0.7952846338873609,1.1440414100933591,14.641595517326323,-10.806884765625,59.254476981823224,0
2024-12-11,1273.115234375,1284.8683422637005,1270.9738844056644,1279.8882324099652,11724373,1298.2506103515625,1277.255894252232,-0.5175693128900094,0.9699381991352255,13.894457858036048,-14.9403076171875,62.46610148381258,0
2024-12-12,1257.876220703125,1273.1152845047754,1255.5853214463157,1264.9479526569407,20906813,1289.6563720703125,1276.7910911923364,-1.19698620049552,0.7780238986556526,17.52996305845977,-7.8685302734375,49.356681767204456,1
2024-12-13,1267.78662109375,1270.1272485556606,1234.6688884780408,1254.9877622795104,28630222,1284.5197579520088,1276.7246907552083,0.7878676953671393,0.9180615915531248,35.45836007761977,-19.27294921875,46.126495235577394,0
2024-12-16,1263.2547607421875,1275.904191603511,1261.511722229068,1269.9280595585296,9486781,1276.8717389787946,1277.4954252697173,-0.3574623896608675,0.6887521489493246,14.392469374442953,-40.6875,42.32496026310459,0
2024-12-17,1240.34619140625,1258.8721754853295,1237.8561365143116,1256.033537225462,17462791,1267.445103236607,1276.437744140625,-1.8134560064890004,0.8321390789443298,21.016038971017906,-77.689697265625,37.964849915903145,1
2024-12-18,1248.2645263671875,1254.9378248920182,1235.714673937889,1235.714673937889,12670179,1261.483189174107,1276.082019624256,0.6383971681293232,0.9367244298562175,19.223150954129096,-55.4783935546875,45.2451820270683,0
2024-12-19,1225.55517578125,1239.947766097918,1224.1109925687356,1234.0712121990753,14244653,1253.74267578125,1275.550804501488,-1.8192738883663018,1.06771098429347,15.836773529182437,-91.2357177734375,33.39607867950046,0
2024-12-20,1200.50537109375,1234.5692750261348,1196.7204388413884,1219.1309339507775,20312896,1243.369838169643,1274.7113037109375,-2.043955684943488,1.1938167066847183,37.84883618474646,-105.8272705078125,23.255198848088156,1
2024-12-23,1217.437744140625,1222.3181546925216,1208.3738466363206,1210.166734877433,10052824,1237.5929129464287,1272.6670910063244,1.4104370921263154,1.4411228613649831,13.944308056200953,-72.5601806640625,24.365498654974104,1
2024-12-24,1217.8858642578125,1228.6429501715868,1216.1428258096823,1217.4377030050357,6734917,1230.4642333984375,1269.6197393508185,0.03680846263756088,1.3586090321750317,12.500124361904454,-61.8529052734375,26.46093975382651,0
2024-12-26,1211.7105712890625,1222.8161189414398,1209.419672133533,1219.3798917928575,10016178,1223.1007777622767,1265.865687779018,-0.5070502212055183,1.3559915355635208,13.396446807906841,-61.4046630859375,20.062378015783693,1
2024-12-27,1216.1927490234375,1223.0154756156849,1212.1588111658666,1213.4536884394554,7000397,1219.6502859933037,1262.4436500186011,0.36990497900886155,1.2751429873359599,10.856664449818254,-41.6834716796875,23.413622518416105,0
2024-12-30,1205.8837890625,1218.3340640862093,1203.294156174512,1211.5611874241415,8818766,1213.5958949497767,1259.5931280226935,-0.8476419522493672,1.2205496467762718,15.039907911697355,-61.90283203125,24.27654257570927,1
2024-12-31,1210.6148681640625,1214.2503727116298,1201.3519366916562,1203.1945530395503,6405475,1211.4615652901787,1255.952904110863,0.39233292166906963,1.0979357995793304,12.898436019973587,-52.639892578125,28.121037245736545,1
2025-01-01,1216.391845703125,1221.4218053468785,1206.7802092584152,1210.0172807004092,5892590,1213.7310616629463,1251.7838367280506,0.4771936716607028,0.7338594585874797,14.641596088463302,-23.954345703125,31.949289358006013,1
2025-01-02,1236.860107421875,1239.4994683243335,1215.1467802555553,1216.3918076943417,15486276,1216.5056849888392,1247.9183233351935,1.6827029703506913,0.8123268498651877,24.352688068778207,-11.4044189453125,43.527591309369136,1
2025-01-03,1246.1729736328125,1257.0296379589822,1230.5852047154665,1238.9518139936486,15521102,1220.5467006138392,1245.1768973214287,0.7529441814037696,0.8289862396381596,26.444433243515732,20.6177978515625,43.318977064936774,0
2025-01-06,1213.15478515625,1256.9797527645217,1210.1667191829588,1248.961727102304,14816766,1220.7530168805804,1240.2418445405506,-2.6495670484899647,1.3935007237736852,46.81303358156288,12.6494140625,36.832453291702194,1
2025-01-07,1235.913818359375,1239.5493228115215,1216.3918123612464,1217.1388288273845,10070505,1223.5703125,1236.8885672433037,1.8760205607393887,1.5616814389741134,23.15751045027514,18.47607421875,48.83414332170581,1
2025-01-08,1260.4658203125,1265.9937909556584,1240.395953024955,1244.0314575822304,19346579,1231.3677455357142,1235.4822765531994,1.986546439436765,1.5994690830341995,25.597837930703463,42.5799560546875,52.95110030369291,0
2025-01-09,1249.758544921875,1264.698874209644,1243.0852464738894,1261.9598138402198,12794704,1236.9596993582588,1234.0546468098958,-0.8494697133453744,1.6980497112976047,21.613627735754562,38.0479736328125,56.214839082578244,0
2025-01-10,1236.959716796875,1251.750618829338,1231.0831628192257,1248.8621307808614,8120332,1239.8979666573662,1232.3329554966517,-1.024104070102605,1.7890733701013717,20.667456010112346,20.7669677734375,59.98905543595624,0
2025-01-13,1234.9178466796875,1240.2963897717905,1221.5213994754447,1225.1070543419412,13764861,1239.6205008370537,1231.2396995907739,-0.16507167448225335,1.675799904233288,18.774990296345777,29.0340576171875,55.215421070305496,0
2025-01-14,1233.822265625,1248.3641626627486,1222.3680125031533,1239.1509590647415,13095266,1237.8561139787946,1229.622349330357,-0.08871691810375948,1.6417518989054043,25.996150159595345,23.2073974609375,54.736537343800684,1
2025-01-15,1247.2186279296875,1251.999581888204,1236.90982514039,1239.9974688456068,9578856,1242.722377232143,1228.8587239583333,1.0857611082177643,1.2458844912745106,15.089756747813908,30.8267822265625,60.11916937664286,1
2025-01-16,1261.4119873046875,1269.9280238633037,1246.3223515830243,1253.8920943102864,14117603,1246.3649727957588,1229.8618570963542,1.138000913164694,1.1259061616620987,23.60567228027935,24.5518798828125,62.21081250708712,1
2025-01-17,1297.169189453125,1320.72513338128,1279.888232575373,1316.9900509904955,29366277,1251.6083112444196,1232.190650576637,2.8346965549963965,1.3593872993183493,40.836900805907135,50.9962158203125,71.67178266141465,1
2025-01-20,1300.2568359375,1310.764916385877,1295.07757031211,1310.764916385877,14040244,1258.8223528180804,1235.7478724888392,0.2380295885440198,1.2478634216707007,15.687346073767003,87.10205078125,71.44899216926767,0
2025-01-21,1268.6331787109375,1307.776892128252,1265.1471016946018,1305.2868371165837,14562976,1263.347133091518,1238.9920538039435,-2.432108515219722,1.6094905577537648,42.629790433650214,32.7193603515625,61.12407015872999,1
2025-01-22,1272.0196533203125,1277.7966294698952,1263.6530443254642,1273.2149526536994,10273590,1268.6473911830358,1241.5911923363096,0.26693883355755066,1.59362665981115,14.143585144430972,11.5538330078125,58.07410322782479,0
2025-01-23,1258.6231689453125,1272.2686211078578,1256.581275301743,1264.947884048613,8720682,1272.1903773716517,1243.5310639880952,-1.0531664616998282,1.6854620666944848,15.687345806114763,8.8646240234375,52.80644983765341,0
2025-01-24,1241.34228515625,1267.9360243063209,1238.5533748820974,1260.9638702056577,14235970,1271.3508998325892,1244.9420979817708,-1.3729990211083898,1.7486760779509938,29.382649424223473,4.382568359375,56.839081140636665,0
2025-01-27,1224.4595947265625,1235.515414368934,1215.1468135462453,1234.1708090151494,9536019,1266.071986607143,1245.3357573009673,-1.3600350710330056,1.7194356286927313,20.368600822688677,-10.458251953125,47.139309322144996,1
2025-01-28,1229.4896240234375,1239.7984277662488,1213.652849353825,1233.0752790316255,10568025,1256.4034772600446,1246.4598446800596,0.4107958579064652,1.083135047698165,26.145578412423674,-4.3326416015625,41.42780604506265,1
2025-01-29,1230.585205078125,1237.8063647194172,1223.1648896668228,1231.0832160878692,5928156,1246.4503871372767,1247.4108131045386,0.08910860517084007,1.0615700670706802,14.641475052594387,-16.6334228515625,44.395944563137135,1
2025-01-30,1248.0654296875,1251.9996679975989,1227.497550840604,1230.635044492625,9269259,1243.5121372767858,1248.9190790085565,1.4204806410186954,1.0602276136203768,24.502117156994927,-13.3465576171875,53.15955513819277,1
2025-01-31,1260.0673828125,1261.9598488917904,1244.0314532484974,1250.8541794958078,6584612,1241.8046700613838,1250.0241873604912,0.9616445451906319,1.1435624947513197,17.928395643293015,-37.101806640625,56.77125340411392,0
2025-02-01,1259.5693359375,1265.495739501575,1236.06324219181,1260.0673469134033,7118453,1241.9398367745537,1250.662109375,-0.03952541600500403,1.0687914568394672,29.432497309764813,-40.6875,56.95451014424707,0
2025-02-03,1240.94384765625,1251.003645649064,1232.6270881824537,1246.0235355947286,9252345,1241.8829171316963,1251.9853980654761,-1.4787187771117871,1.0921754993730082,18.376557466610393,-27.6893310546875,48.351689227538905,1
2025-02-04,1280.08740234375,1283.6731787459128,1241.6409781641655,1243.085282988569,16691069,1249.8297467912946,1254.088902064732,3.1543373023227295,1.4341681449982397,42.03220058174725,8.0677490234375,54.33727117832002,0
2025-02-05,1273.115234375,1285.366353249074,1271.6212014188793,1277.5476050956522,10112028,1256.061976841518,1254.6912551153273,-0.5446634312613718,1.5039899683197668,13.7451518301948,14.4920654296875,43.55138731077961,1
2025-02-06,1276.4520263671875,1282.8763195509282,1265.2965071593935,1268.6331564996678,9956001,1262.6143798828125,1255.9623732793898,0.2620966195432839,1.497348161402338,17.579812391534688,35.1097412109375,43.62669448567837,0
2025-02-07,1261.6610107421875,1278.5933846345008,1256.979756005846,1271.073491533156,8764283,1264.556605747768,1257.1386253720239,-1.1587600097353934,1.5588356937515337,21.61362862865485,37.201416015625,47.9484136448668,0
2025-02-10,1248.6629638671875,1261.461821832557,1240.5952102474196,1259.469777897567,6970972,1262.9274030412946,1257.7931547619048,-1.0302329044276082,1.5709741066206209,20.866611585137434,19.17333984375,43.49515276045838,0
2025-02-11,1229.937744140625,1259.519670533727,1225.2066396338644,1259.519670533727,8859714,1258.6943184988838,1257.608177548363,-1.4996216167547205,1.653379079610774,34.313030899862724,-0.6474609375,42.24138215660858,0
2025-02-12,1211.7105712890625,1222.0193743195214,1188.6027887286011,1214.5989377224969,21131654,1254.5181361607142,1255.9173177083333,-1.4819589803139244,1.6537553635339177,33.41658559092025,-36.3548583984375,42.02625384409702,0
2025-02-13,1211.2623291015625,1223.1150152108587,1207.1786632211406,1212.2086229517822,8511216,1244.6859828404017,1253.5292387462798,-0.03699251274362769,0.6964141980416683,15.936351989718105,-48.8050537109375,46.10409453495043,1
2025-02-14,1212.40771484375,1219.1308629852126,1200.6546072366425,1214.1507532507958,10298145,1236.0134800502233,1249.4929780505952,0.09456132785348181,0.7709908498866699,18.47625574857011,-47.16162109375,44.83895595215702,1
2025-02-17,1220.02734375,1222.6169765728448,1199.7084711054922,1206.2821918357026,8166683,1227.9528111049108,1245.6725260416667,0.6284708364159508,0.8545419451641719,22.908505467352597,-20.91650390625,46.931085137638114,1
2025-02-18,1220.525390625,1225.0074896525716,1211.2623373341316,1219.9775298877432,6673250,1222.0762939453125,1243.3816789899554,0.04082259939102162,0.8536042995003038,13.745152318439978,-59.56201171875,41.117879201141406,1
2025-02-19,1222.567138671875,1227.8461038341088,1212.706618273488,1214.6488125132394,6217338,1218.3483189174108,1241.0267973400298,0.16728435660231522,0.8423697609297769,15.13948556062087,-50.548095703125,37.07517052081002,1
2025-02-20,1228.0950927734375,1234.4198079853766,1217.1388510698623,1219.0810452834291,7795582,1218.0850830078125,1239.5730794270833,0.4521595523635513,0.6871387888840218,17.280956915514253,-48.35693359375,39.51560762933029,0
2025-02-21,1223.264404296875,1235.0672403005465,1217.2882724889691,1223.8121434284387,6904025,1219.735630580357,1238.7122279575892,-0.3933480806973422,0.3327598403872404,17.77896781157733,-38.3966064453125,43.51478037212434,0
2025-02-24,1209.718505859375,1218.3838481751116,1205.68456833515,1211.7105497558396,7172498,1219.5150844029017,1238.0102713448662,-1.107356544498339,0.579800008936294,12.699279839961491,-38.9444580078125,18.218696246636966,0
2025-02-25,1199.21044921875,1216.142822671174,1196.7203942992758,1206.1826029932777,11552182,1217.6297607421875,1236.5684058779761,-0.8686365125215811,0.6579957037549823,19.42242837189815,-30.727294921875,17.654821206856397,1
2025-02-27,1202.298095703125,1210.166693583284,1195.8738026303336,1207.975493883109,11509215,1215.0970110212054,1235.221400669643,0.25747328055609753,0.596498251823981,14.292890952950529,-9.4124755859375,17.474848609779997,0
2025-02-28,1195.325927734375,1212.5073065135475,1188.5530513693543,1197.218393771922,23007298,1211.4970877511162,1232.709995814732,-0.579903436066953,0.5995828543582539,23.954255144193212,-15.9364013671875,18.761705371277998,0
2025-03-03,1166.5906982421875,1201.6506219268736,1151.4013636439431,1199.2104168056296,17944938,1203.500453404018,1228.2587251209077,-2.403966050217987,0.9522928503189669,50.24925828293044,-45.8170166015625,16.339845721289024,0
2025-03-04,1157.2779541015625,1169.3297956512124,1154.9373267832575,1157.576687742468,11377373,1193.3837193080358,1223.387706938244,-0.7982871931567215,0.8156385023519048,14.392468867954904,-62.7493896484375,17.70693518372839,1
2025-03-05,1170.9234619140625,1178.294049175979,1152.3974766666165,1156.38156474498,8664095,1185.9064418247767,1220.0534028552827,1.1791037549914618,1.1196688954638685,25.896572509362386,-49.6019287109375,31.10289659665729,1
2025-03-06,1204.7882080078125,1209.1208794668382,1180.4355183146993,1192.2383549047067,14468014,1185.202113560268,1216.4677269345239,2.892140024113332,1.6986938937862506,28.685361152138967,-17.7789306640625,47.709661259954046,1
2025-03-07,1244.828369140625,1249.8084792402678,1207.178688153437,1211.1627762331514,16474965,1191.718959263393,1215.1207333519346,3.3234190762060356,2.0607132750308885,42.62979108683089,16.7332763671875,58.99423344978414,0
2025-03-10,1233.4736328125,1252.9956391209716,1230.4855669004469,1240.0473535020744,11931051,1196.172607421875,1213.0741431826636,-0.912152760140239,2.1347442697074586,22.510072220524762,10.209228515625,53.65457146573026,1
2025-03-11,1242.3382568359375,1244.5294565449085,1224.858022557904,1235.0672477916655,10089838,1202.8886544363838,1212.1540120442708,0.7186715457569104,2.0928533489323238,19.671433987004548,32.6197509765625,55.67063112511369,1
2025-03-12,1252.0494384765625,1257.9757204337957,1239.0513034201438,1252.995610693361,11977555,1215.0970458984375,1212.3152727399554,0.7816857918678366,1.6341487542373077,18.92441701365192,52.8389892578125,57.37052546644279,0
2025-03-13,1242.9359130859375,1259.1212710412997,1238.901975238559,1255.0376050433522,9505270,1227.3338971819196,1212.9342331659227,-0.7278886208929469,1.6212132568167326,20.21929580274059,40.6378173828125,53.64483650160932,0
2025-03-17,1233.9217529296875,1252.398008503818,1228.1946267891797,1237.208673957254,16640917,1236.3336530412946,1213.991908482143,-0.7252312899922453,1.7480942954612713,24.203381714638226,38.5958251953125,52.56469385536895,0
2025-03-18,1233.9217529296875,1233.9217529296875,1233.9217529296875,1233.9217529296875,0,1240.4955880301338,1215.0709286644346,0.0,1.483069890448829,0.0,67.3310546875,56.23074036806284,1
2025-03-19,1242.1888427734375,1248.264552564328,1233.8720835165427,1236.113132982547,16162399,1240.1185128348213,1216.4890776134673,0.6699849341436304,0.7592515986499627,14.392469047785198,84.910888671875,61.19325071261483,1
2025-03-20,1264.101318359375,1267.9359786597456,1245.0773228865291,1246.8700894970418,15971477,1244.493896484375,1218.5878383091517,1.7640212849612702,0.9004114464863356,22.85865577321647,93.1778564453125,64.6586277941008,1
2025-03-21,1271.2725830078125,1275.9041093610767,1265.0474458622175,1269.927977701306,21780769,1248.6273716517858,1221.004371279762,0.5673014136038379,0.8919850338682644,10.856663498859234,66.484375,67.99620264808024,1
2025-03-24,1296.920166015625,1300.8046759652354,1279.141198398433,1285.86434660882,20299319,1255.0374755859375,1224.5449916294642,2.017473148609139,1.094850461315656,21.663477566802385,52.091796875,81.34128348908195,0
2025-03-25,1280.33642578125,1302.497915186312,1277.4977874103538,1302.497915186312,13713899,1260.380405970982,1227.0326741536458,-1.2787017018420888,1.2121087489054359,25.000127775958163,46.86279296875,78.59287525888578,0
2025-03-26,1267.98583984375,1288.65329608475,1263.7028966635362,1285.8643858858131,12074747,1265.2467041015625,1229.1622663225446,-0.9646359885421396,1.252852725856938,24.950399421213888,25.6475830078125,72.68916555142432,1
2025-03-27,1273.115234375,1279.8882324099652,1266.242780044616,1273.0655062272906,15028056,1270.8457728794642,1232.1811581566221,0.4045309001149411,1.2407874278261593,13.645452365349229,21.0657958984375,68.45075436682302,0
2025-03-28,1270.027587890625,1290.5954658598978,1263.9518781988888,1274.9081198538831,18147129,1274.8227364676338,1235.5534028552827,-0.24252686646160093,1.2621002017201903,26.64358766100895,27.0916748046875,58.50130135406714,0
2025-04-01,1247.6170654296875,1272.8164693011493,1244.330265958221,1259.5693287834792,12099648,1272.4678431919642,1237.711449032738,-1.7645697364857216,1.295285924403471,28.48620334292832,13.6953125,54.440253577672536,0
2025-04-02,1246.1729736328125,1250.5554948342144,1238.9518139936486,1242.5873186806543,10142590,1268.8821847098213,1240.1327369326636,-0.1157479996779065,1.2546839870767812,11.603680840565858,12.251220703125,51.26272208376879,0
2025-04-03,1243.732666015625,1246.8204315907722,1228.145018441354,1228.145018441354,7434366,1261.283970424107,1243.806163969494,-0.19582414871938125,0.7620462837681499,18.67541314941809,1.5438232421875,47.123664970358945,0
2025-04-04,1199.9075927734375,1240.4954871764826,1188.4036122186155,1236.162816017271,17908652,1249.7941371372767,1245.836146763393,-3.5236730882516665,1.3465267911361394,52.09187495786705,-64.1937255859375,37.999950976854265,0
2025-04-07,1161.062744140625,1166.590714623955,1110.415052053189,1127.6960086529814,22156106,1234.5194091796875,1245.3665887741815,-3.237320012537581,1.6090007421952945,56.17566257076601,-110.2098388671875,32.57916940785154,1
2025-04-08,1177.4971923828125,1191.8399338970503,1158.6724733291408,1167.3378163352843,19555040,1220.8596888950892,1244.0670166015625,1.4154659879601628,1.8135100935813446,33.16746056790953,-119.4229736328125,37.49173295635975,1
2025-04-09,1180.6346435546875,1185.0670143686195,1163.3536863154889,1164.8477193030517,10223104,1208.0892682756696,1241.0101725260417,0.26645084100167526,1.862911065933164,21.71332805313068,-99.7017822265625,36.03702989905166,1
2025-04-11,1214.1009521484375,1217.786306450343,1190.3957018139645,1190.3957018139645,11224242,1203.3012520926338,1240.0876639229912,2.834603302253491,2.313886895673865,27.39060463637861,-53.8848876953125,39.22281714969808,1
2025-04-15,1235.1668701171875,1246.0235343416643,1232.1788040875913,1246.0235343416643,13378535,1201.7289515904017,1239.7461693173364,1.7351043116696552,2.4489426441979822,13.844730254073056,-37.9483642578125,42.657498200233356,0
2025-04-16,1234.3701171875,1235.9637280756608,1224.111041920754,1229.1907298200806,8248464,1200.3914446149554,1238.904296875,-0.06450569141414064,2.4485958340917855,11.852686154906905,-35.657470703125,35.84949949518716,1
2025-04-17,1269.4300537109375,1275.1073305428426,1222.7165970526498,1235.266450081142,15398401,1210.3232247488838,1240.1659226190477,2.8403098904663304,2.1167005826812395,52.390733490192815,21.81298828125,47.723031771282244,1
2025-04-21,1290.346435546875,1295.7249783909904,1261.9598099867933,1264.947875835223,10429964,1228.7923235212054,1242.8528122674852,1.6476986482864886,1.1274434001637936,33.765168404197084,44.1734619140625,54.507110870528024,0
2025-04-22,1286.0635986328125,1298.713151385602,1281.1831879455033,1294.8286411452225,13051707,1244.3018101283483,1245.3357573009673,-0.3319137245686554,1.3308377885654477,17.529963440098754,42.3309326171875,52.61887303009878,1
2025-04-23,1294.82861328125,1300.804745342548,1280.286716249035,1291.840547250601,10480888,1260.615234375,1247.8424130394346,0.6815381959146771,1.286912392805039,20.51802909351295,94.9210205078125,54.90352246540721,1
2025-04-24,1296.4222412109375,1299.3107293954529,1285.167265298474,1287.2588872304611,10468940,1272.3754185267858,1249.3815046037946,0.12307636032609093,1.1622387014035218,14.14346409697896,135.3594970703125,60.515048323586555,0
2025-04-25,1295.22705078125,1319.928323767296,1282.9759313802824,1298.3146947064158,14431012,1280.9554443359375,1250.522193545387,-0.092191447484824,1.1610201563054905,36.95239238701356,117.7298583984375,60.58002119948207,1
2025-04-28,1363.35498046875,1369.1318351951852,1314.9482133535364,1334.669497851195,31104496,1299.3818533761162,1253.685756138393,5.259921775599641,2.016280186753112,54.1836218416488,182.7203369140625,70.10379876055302,1
2025-04-29,1394.1319580078125,1405.2874774645995,1364.5501529607263,1365.5461749701867,32538970,1317.1964111328125,1259.1045910063244,2.2574441711784132,1.960407931073366,40.7373245038732,180.031005859375,84.13869990722328,1
2025-04-30,1399.410888671875,1406.781475676485,1363.5540972183608,1396.4228227174156,25480745,1332.7770472935267,1265.3629266648065,0.37865358682445116,1.988243388079473,43.22737845812412,164.2440185546875,97.49906828702014,1
2025-05-02,1414.152099609375,1421.024554216323,1403.4945911426703,1408.3751233126775,13007841,1351.075404575893,1272.0789678664435,1.05338689707426,1.8783026524010367,17.529963073652652,179.781982421875,97.48207553038648,1
2025-05-05,1425.6063232421875,1433.773654928142,1421.2238021682567,1425.3074680112338,12685649,1369.7579345703125,1279.4874790736608,0.8099711223408246,1.8709527692054837,12.549852759885198,156.17626953125,97.56339311362173,0
2025-05-06,1415.2476806640625,1426.3035005201457,1404.9886054552055,1425.3074785225756,14084117,1386.7329973493304,1287.4698893229167,-0.7266131195719505,1.9911986387221476,21.314895064940174,124.9012451171875,92.90424076037486,0
2025-05-07,1400.4068603515625,1418.733688530858,1397.1199392858432,1415.2476117092149,13440169,1401.7586844308037,1294.8143601190477,-1.0486376706539735,2.128884023848545,21.613749245014787,114.34326171875,86.20690946440416,1
2025-05-08,1401.4029541015625,1415.1481063364454,1392.438756100913,1398.51446598441,16106175,1407.1941092354912,1302.3224690755208,0.07112888248419491,1.119635848567974,22.709350235532384,106.5743408203125,86.56780795669373,0
2025-05-09,1371.721435546875,1389.251519832932,1369.032224808638,1379.988466695066,13668904,1403.9926060267858,1310.5040806361608,-2.1179860130747574,1.1307015020342748,20.21929502429407,75.2991943359375,72.93432072923811,1
2025-05-12,1430.7855224609375,1433.275577320772,1394.430721507353,1394.430721507353,10674081,1408.4746965680804,1323.3480224609375,4.305836840007893,2.0671020719444138,38.844855813419144,135.5584716796875,76.88785495365755,0
2025-05-13,1410.0682373046875,1441.9409399606418,1406.7814377941193,1427.7974767909468,11407896,1407.8912876674108,1334.4228341238838,-1.4479658083635383,2.1372888219075774,35.15950216652254,46.7132568359375,72.33580911421573,1
2025-05-14,1418.7337646484375,1424.2118856620737,1409.8691445094285,1414.3512435205853,5570160,1406.9094935825892,1345.7608875093006,0.6145466662176524,2.125855361310134,14.342741152645203,24.601806640625,72.32589086382063,1
2025-05-15,1448.4151611328125,1455.5865925696291,1407.0802476372012,1419.3313670179805,20177211,1411.647705078125,1356.9187069847471,2.0921047503038803,2.2402045935403057,48.506344932427965,49.0042724609375,74.86959265931907,1
2025-05-16,1450.6064453125,1455.1881221330052,1441.542669553187,1447.419102005185,9036695,1418.8190743582588,1367.177734375,0.15128840393894283,2.159559615089177,13.645452579818311,36.454345703125,75.3410950558836,0
2025-05-19,1435.0684814453125,1448.81351147394,1432.4787270944578,1446.3234565863577,6195791,1423.6284354073662,1376.7347993396577,-1.0711357251580567,2.241110881036306,16.334784379482244,9.462158203125,64.11761115380604,0
2025-05-20,1418.932861328125,1439.2517336495314,1416.1440727881434,1432.4787356808251,11270560,1430.3729248046875,1383.853980654762,-1.1243797996968508,2.083886651302228,23.107660861388013,3.6851806640625,55.181003217710305,1
2025-05-21,1423.5145263671875,1430.486680037078,1412.458707007589,1418.235682967954,6136364,1429.3342110770088,1390.1953183128721,0.32289512519809715,1.2489534691937256,18.027973029488976,23.107666015625,55.05005373404283,0
2025-05-22,1403.79345703125,1418.1361984129633,1391.3431818014155,1415.5464438973825,12134466,1428.4378138950892,1395.801502046131,-1.38537886130784,1.2375844525202215,26.793016611547728,2.3905029296875,47.874079188533486,1
2025-05-23,1421.124267578125,1428.0964217220903,1401.004549811851,1401.004549811851,6474883,1428.7793143136162,1401.8155808221727,1.2345698336225563,1.3135282424659265,27.091871910239433,49.40283203125,49.10180607504642,1
2025-05-26,1429.0924072265625,1435.2676949623965,1419.430920923106,1426.3034970063509,4842944,1426.0189208984375,1408.1332077752977,0.5606926734152973,1.004226494783365,15.836774039290503,-1.693115234375,52.8012914750004,0
2025-05-27,1416.44287109375,1431.2836233071982,1408.275539274527,1420.426959119657,12640414,1421.1384102957588,1413.9053896949404,-0.8851447302390625,1.0222206943681276,23.00808403267115,6.3746337890625,53.27369753105187,0
2025-05-28,1407.279541015625,1416.9409060075968,1405.0882196135674,1414.4508509493858,5944611,1417.1685616629463,1415.997035435268,-0.646925496617401,0.983162760528538,11.852686394029433,-11.4542236328125,51.16097133709576,1
2025-05-29,1412.1600341796875,1414.3512339364067,1402.996558868143,1406.4826358531975,13771917,1416.2010149274554,1416.8555152529761,0.3468033906426582,0.9269206935568092,11.35467506826376,-36.255126953125,58.85691796911136,1
2025-05-30,1415.2476806640625,1424.9090454066045,1404.0921613404494,1412.3591925541664,13788484,1415.0200369698662,1417.6096482049852,0.21864706617111818,0.9204715420814047,20.816884066155126,-35.3587646484375,45.491357898748774,0
2025-06-02,1408.0762939453125,1411.8612262898896,1390.0483195350275,1406.4826830156508,8098668,1415.631870814732,1417.320324125744,-0.5067230857700444,0.7583507926063102,21.81290675486207,-26.9921875,49.37267897371233,0
2025-06-03,1399.908935546875,1420.825397764224,1397.8173136420835,1416.6421539546416,11252626,1412.601109095982,1416.0966389973958,-0.5800366381819577,0.5714539923461244,23.008084122140417,-19.02392578125,44.05285188376041,1
2025-06-04,1417.8372802734375,1420.0284799827916,1400.506473605418,1409.0722382665938,8126827,1410.9932338169642,1416.2199532645088,1.280679355015235,0.7657380153036104,19.5220063773736,-5.67724609375,39.56490658597224,1
2025-06-05,1436.662109375,1448.913106617055,1417.9368477633757,1422.3193687346825,13716817,1413.8816964285713,1417.9463936941963,1.3277143550585846,0.8452291174253947,30.976258853679383,32.86865234375,45.72648165745113,1
2025-06-06,1437.7576904296875,1445.7258660607492,1431.28354772945,1435.2676355449807,8182161,1418.2357177734375,1419.6775716145833,0.07625878399228903,0.7639253027018021,14.442318331299248,16.6334228515625,50.90420440683698,1
2025-06-09,1443.0367431640625,1451.70208605586,1439.5506661134996,1451.204075048637,7885125,1422.6466761997767,1423.0735386439733,0.3671726306536005,0.7641318491680805,12.151419942360462,13.9443359375,58.74284155744332,0
2025-06-10,1432.777587890625,1448.1163503747662,1430.2875329933524,1444.2318404180787,7913181,1425.1509486607142,1423.1683989025298,-0.7109420686643664,0.8580555771577805,17.828817381413728,16.334716796875,53.22694640367895,1
2025-06-11,1443.13623046875,1462.7578142878924,1437.3592545136698,1440.048586734708,8195700,1430.1595110212054,1424.7430652436756,0.7229763129792621,0.8192306045600573,25.398559774222576,35.856689453125,64.66216105557952,0
2025-06-12,1435.865234375,1451.2039968882907,1428.6939248911117,1447.7179200254843,8828114,1435.2961251395088,1425.558849516369,-0.5038329674107223,0.8051220727911743,22.51007199717901,23.7052001953125,55.93893361031766,0
2025-06-13,1422.2198486328125,1429.7895915718395,1408.673973649598,1418.335338487147,9757276,1435.9222063337054,1424.3114536830358,-0.9503249619472132,0.8239225329598047,21.115617922241427,6.97216796875,47.35226285116613,1
2025-06-16,1432.0804443359375,1436.6621211041454,1418.7337255535565,1421.223780491138,8458093,1435.2676827566963,1423.4292631603423,0.6933242924857197,0.6822886622926575,17.928395550588903,24.004150390625,56.156874053781266,0
2025-06-17,1425.506591796875,1442.2398094911548,1420.12817043809,1442.2398094911548,10366599,1433.5175258091517,1422.9739350818452,-0.45904212749101614,0.6964639209569116,22.11163905306489,25.59765625,57.32578951086829,0
2025-06-18,1424.4110107421875,1437.0605628519918,1420.028489708749,1424.3114328610282,6681735,1430.8567068917412,1423.2347993396577,-0.0768555586478592,0.6641593068562746,17.03207314324277,6.57373046875,55.07840251956774,1
2025-06-19,1427.598388671875,1434.1721095891817,1420.0285241646616,1424.4110453044384,10007230,1430.1168212890625,1423.4292689732142,0.2237681333301822,0.6337137179010017,14.143585424520097,-9.063720703125,55.115514554722665,1
2025-06-20,1460.367431640625,1465.148385952672,1422.4190171371763,1425.3075053013415,29010635,1432.5784214564733,1426.123267764137,2.2953964664555127,1.0770120508683507,42.72936881549572,22.6097412109375,67.86927288821552,0
2025-06-23,1451.0048828125,1457.9770367383994,1436.2637087352834,1447.2199506188397,5989078,1434.7412283761162,1427.546154203869,-0.6411091226272259,1.0925624979205086,21.713328003115976,7.9681396484375,67.31937008134656,0
2025-06-24,1445.0286865234375,1469.1323689599471,1437.359244595668,1459.1721495093714,16402744,1437.9996337890625,1428.3050246465773,-0.41186603572820335,1.0181934011802125,31.773124364279056,12.2510986328125,60.02937420868835,1
2025-06-25,1461.463134765625,1466.5428226679085,1454.690136506102,1458.1762135192969,7525851,1442.1971609933037,1430.4488467261904,1.13730948011328,1.064499903237336,11.85268616180656,18.326904296875,59.31189935797073,1
2025-06-26,1489.3516845703125,1492.8377614283193,1459.2717484446844,1463.2558362824063,14657893,1451.3178885323662,1434.3570440383185,1.9082622846425812,1.1569101450785848,33.56601298363489,53.4864501953125,66.12701121180949,1
2025-06-27,1509.3717041015625,1515.9454247275912,1490.9452978220222,1493.4353527246628,11117052,1463.4551304408483,1438.9861711774554,1.3442103526425164,1.1359648048554543,25.000126905569005,87.15185546875,68.9851323609766,0
2025-06-30,1494.630615234375,1518.734421010171,1490.0489382705405,1507.7781788170053,8409527,1473.0311628069196,1442.7663109188989,-0.9766374198701411,1.319648410628988,28.685482739630515,62.5501708984375,67.25960876857613,1
2025-07-01,1522.320068359375,1525.3081343971446,1494.132596769193,1494.630607775488,10368523,1481.8815394810267,1448.2064906529017,1.8525950721715922,1.2364655374924065,31.1755376279516,96.8134765625,70.14700730253465,0
2025-07-02,1512.75830078125,1523.9136988316195,1502.6983810571346,1522.3200879079554,6361002,1490.7034563337054,1453.5802699497767,-0.6281049417176665,1.2342947015057448,21.2153177744849,88.3472900390625,69.33872768199787,0
2025-07-03,1511.76220703125,1525.806092605863,1506.9812529023668,1514.7502729656237,11283291,1500.23681640625,1458.0528855096727,-0.06584619297647087,1.1930861184894972,18.82483970349608,84.163818359375,74.05027557467402,1
2025-07-04,1521.2244873046875,1523.913698138102,1511.1645675851505,1517.9375659885409,6603501,1508.7741524832588,1462.0796654110864,0.6259106246622848,1.174000216743512,12.749130552951556,60.8570556640625,73.99463243199196,1
2025-07-07,1535.367919921875,1538.65484117058,1518.933556847784,1520.5271677380254,7251074,1515.347900390625,1466.727771577381,0.9297400045306103,1.0401136837524034,19.72128432279601,84.363037109375,78.4132137684042,0
2025-07-08,1531.4833984375,1538.7544076502809,1524.1128113419518,1529.8897875590692,7171261,1518.5067138671875,1470.9395170665923,-0.25300264737670997,0.9823514346524772,14.641596308329099,86.4547119140625,77.29811420344593,0
2025-07-09,1512.9573974609375,1544.8301010282516,1504.0927774643353,1530.586937987722,8870660,1521.1248256138392,1474.757603236607,-1.2096769051145873,1.0320430975907493,40.737323563916334,51.4942626953125,70.18368669984523,0
2025-07-10,1511.16455078125,1518.6347158851345,1501.5031858807802,1513.654605815878,10047129,1519.5311802455358,1477.997047061012,-0.11849948205391314,0.7213936386279177,17.131530004354317,21.8128662109375,64.07284208304984,0
2025-07-11,1489.2520751953125,1508.9733598189127,1484.371664566644,1505.9852937598653,7234991,1516.1731480189733,1480.5392775762648,-1.4500390162414223,0.8722650458769674,24.601695252268655,-20.11962890625,59.907101457982215,0
2025-07-14,1477.7977294921875,1494.0329360309418,1473.2160528053016,1486.263916129696,10311846,1511.321079799107,1483.1858433314733,-0.7691341105986238,0.8918071127414341,20.81688322564014,-16.8328857421875,58.253862445055006,1
2025-07-15,1479.4910888671875,1490.5469086437597,1476.503022895967,1480.2878335086834,8132454,1505.359165736607,1485.4434930710565,0.1145866813303309,0.8193494433785752,14.043885747792729,-42.8289794921875,54.905132345741656,1
2025-07-16,1479.690185546875,1485.068728397248,1465.6463003598592,1467.1403332858122,10409983,1497.4052036830358,1488.0236642020088,0.013457105702463501,0.6221350983356339,19.422428037388727,-33.068115234375,46.90488909189172,0
2025-07-17,1470.52685546875,1483.674296790977,1468.0368005528198,1481.4830970988437,11854613,1488.6971261160713,1490.2196568080358,-0.6192735592645882,0.6107828571530859,15.637496238157155,-41.2353515625,36.62552547276788,0
2025-07-18,1470.12841796875,1478.8934598804974,1463.2558421043927,1478.8934598804974,10296318,1482.5787004743304,1492.244896298363,-0.027094880893763218,0.5687005458577842,15.637617776104662,-51.0960693359375,40.63925875905192,0
2025-07-21,1422.9169921875,1470.128458883213,1417.4388712363768,1459.1722169809668,22442744,1469.9719063895088,1490.4615420386904,-3.2113810742112725,1.1796256239340226,52.68958764683612,-112.450927734375,16.95363582647768,0
2025-07-22,1407.179931640625,1426.2039275426996,1405.0881881707603,1421.721828538219,20396320,1458.247314453125,1488.3746396019346,-1.1059717912765832,1.1574074799495706,21.1157393719393,-124.303466796875,16.28498588870005,1
2025-07-23,1418.932861328125,1420.327316390472,1408.773485959778,1420.327316390472,8354596,1449.8380475725446,1487.1319812593006,0.8352115762336965,1.3130764535165629,11.553830430694006,-94.0245361328125,22.261850916996167,0
2025-07-24,1397.3192138671875,1417.3392306864348,1390.4466381154343,1413.554298653669,14740507,1438.0992082868304,1484.0775088355654,-1.5232325679389147,1.3163653942539861,26.892592571000478,-113.8453369140625,15.48270993332082,0
2025-07-25,1386.1636962890625,1395.4267490386208,1378.593953801798,1393.3351272649268,11854722,1424.73828125,1479.163795107887,-0.7983514051346452,1.2670286574368403,16.832795236822676,-103.08837890625,7.7313159691170625,0
2025-07-28,1382.080078125,1402.199795115413,1379.490445288333,1386.7614543919697,7748361,1412.10302734375,1473.1022891090029,-0.2945985510221405,1.28573827721351,22.709349827080132,-95.7176513671875,7.722604419549029,1
2025-07-29,1411.4627685546875,1414.550412474214,1377.498442270458,1377.498442270458,10750072,1403.7222202845983,1469.1419154575892,2.125975975975969,1.709954381167863,37.0519702037559,-68.0283203125,22.942093807927023,0
2025-07-30,1404.4906005859375,1417.6381639620697,1395.7256799199,1412.458776601272,7209849,1401.089878627232,1463.5309884207588,-0.4939675437482083,1.2585666766122006,21.912484042169808,-75.1995849609375,22.325560773856836,0
2025-07-31,1384.669677734375,1397.0203743336986,1376.7015020683227,1382.5780559389789,17065827,1397.8741280691963,1457.4315301804315,-1.4112535066659326,1.3006171558456905,20.31887226537583,-85.857177734375,22.57050120028609,1
2025-08-01,1388.15576171875,1400.3073026227253,1378.7932525308158,1381.3828853186424,10321171,1393.4773995535713,1451.5455089750744,0.2517628601558686,1.2387304182854404,21.51405009190944,-81.97265625,25.46345146965956,1
2025-08-04,1405.885009765625,1410.466686507784,1386.1637261382157,1389.550225151016,6312820,1394.7010846819196,1446.0531529017858,1.2771800208446038,1.2323773800169553,24.302960369568382,-17.031982421875,31.478663546711175,0
2025-08-05,1386.1636962890625,1405.38696851784,1382.5780415934858,1405.38696851784,9315972,1394.7010846819196,1438.9481898716517,-1.4027686005308682,1.323136704146409,22.808926924354182,-21.0162353515625,28.571420580435387,1
2025-08-06,1387.259521484375,1390.3471654369864,1377.797312271222,1386.3630773472378,5834312,1395.4410051618304,1432.0803862072173,0.07905453001302298,1.3164392497814277,12.549853165764489,-31.67333984375,30.189621743943846,0
2025-08-07,1383.8729248046875,1388.1557462486337,1360.5659868045632,1382.1796145349972,9976705,1391.4995989118304,1425.9335065569196,-0.24412135056487427,0.9507785119070752,27.589759444070523,-13.4462890625,29.766390224710022,0
2025-08-08,1362.35888671875,1391.6418351007062,1359.569976594415,1379.4904158119157,8793606,1385.4807826450892,1418.8475225539435,-1.5546252622128498,1.0682436424048414,32.071858506291164,-23.8048095703125,33.84700743160346,1
2025-08-11,1380.6856689453125,1382.4785572067017,1355.7851185633474,1364.5501609316866,9997486,1384.9116385323662,1413.6776936848958,1.345224258102995,1.1507866045538289,26.693438643354284,-1.3944091796875,43.029343809395954,0
2025-08-12,1374.9088134765625,1396.3232867936674,1369.7294260490362,1376.402846498686,12244664,1383.0192173549108,1408.7782214936756,-0.41840482585460137,1.150784794988024,26.59386074463123,-36.553955078125,38.04118809202162,1
2025-08-13,1377.0999755859375,1386.2634508216695,1372.0202877666843,1382.4785186353236,7457021,1378.9070696149554,1403.9024541945685,0.1593678131886156,0.9889564442366768,14.243163054985189,-27.390625,43.8596660325011,0
2025-08-14,1373.800048828125,1380.699951171875,1370.0999755859375,1377.300048828125,7126128,1377.140834263393,1398.8600667317708,-0.23962869917331098,0.8603590910067631,10.5999755859375,-10.86962890625,46.05718930458634,1
2025-08-18,1381.699951171875,1394.9000244140625,1377.0,1390.0,11785109,1376.3466099330358,1394.6302141462054,0.5750401851047249,0.8994736419624011,17.9000244140625,-6.455810546875,49.88165671478433,1
2025-08-19,1420.0999755859375,1421.0,1389.0999755859375,1390.0,14384719,1381.5219029017858,1392.2479073660713,2.7791869270527236,1.3867595651327287,31.9000244140625,14.2149658203125,52.54603341839782,0
2025-08-20,1413.0,1424.9000244140625,1410.0,1413.0,8725641,1388.75634765625,1391.775669642857,-0.49996308062804085,1.1843029752838736,14.9000244140625,26.8363037109375,52.506470317083284,1
2025-08-21,1424.800048828125,1431.9000244140625,1420.300048828125,1425.0,11021323,1395.0584019252233,1392.614722842262,0.835106074177272,1.1405721073029387,11.5999755859375,37.54052734375,62.40676471875816,0
2025-08-22,1409.199951171875,1423.4000244140625,1407.9000244140625,1420.0,5818868,1399.9571358816963,1392.1512509300596,-1.0948973274587437,1.2503665628974707,15.5,25.3270263671875,56.0526840585572,1
2025-08-25,1412.5999755859375,1419.5,1405.699951171875,1414.699951171875,5979407,1405.028564453125,1392.87890625,0.24127338432242684,1.2485671170801518,13.800048828125,50.2410888671875,52.104839036768965,0
2025-08-26,1384.9000244140625,1410.0,1381.5999755859375,1408.0,12145259,1406.6142752511162,1392.8187313988096,-1.960919697764063,1.5272417332858,28.4000244140625,4.21435546875,49.622764720630165,1
2025-08-28,1385.9000244140625,1392.199951171875,1366.5,1389.9000244140625,13161813,1407.2142857142858,1393.0006336030506,0.07220737832127622,1.5143155612377035,25.699951171875,10.9912109375,49.593926360549055,0
2025-08-29,1357.199951171875,1403.5,1350.0,1381.0999755859375,18758842,1398.2285679408483,1390.4166899181548,-2.070861731481788,1.1164344716678374,53.5,-19.9000244140625,43.07946367545866,0
2025-09-01,1353.9000244140625,1363.199951171875,1340.5999755859375,1356.0,11232238,1389.7857142857142,1388.0076148623511,-0.2431422691227758,1.125971888305291,22.5999755859375,-19.9000244140625,47.57618431003014,1
2025-09-02,1366.5,1384.5,1354.5,1354.800048828125,11517006,1381.4571358816963,1387.1423921130952,0.9306429838784158,1.1466974588836478,30.0,-15.199951171875,45.797285734228204,1
2025-09-03,1372.5999755859375,1376.5,1360.5,1369.699951171875,7847563,1376.2285679408483,1386.4016403924852,0.4463941153265649,1.1809190323955596,16.0,-47.5,49.317279745652954,0
2025-09-04,1359.300048828125,1374.0,1357.0999755859375,1371.800048828125,13223177,1368.614292689732,1384.1833089192708,-0.9689586911244885,1.165133175546447,16.9000244140625,-53.699951171875,45.061058923707336,1
2025-09-05,1375.0,1381.0,1359.300048828125,1363.0,5777575,1367.2000034877233,1383.6517043340773,1.1550026195769059,1.1273322941422863,21.699951171875,-49.800048828125,50.31151404063183,1
2025-09-08,1378.5,1386.0,1372.4000244140625,1380.0,6986720,1366.142857142857,1383.234584263393,0.25454545454546285,1.1339795166717963,13.5999755859375,-30.699951171875,49.149853346945704,0
2025-09-09,1376.199951171875,1381.199951171875,1368.699951171875,1376.5999755859375,9754452,1368.857142857143,1382.8692045665923,-0.16685156533369216,0.7310911571892533,12.5,-36.4000244140625,35.56869445739697,1
2025-09-10,1377.0,1388.5,1374.0999755859375,1383.9000244140625,7790815,1372.1571393694196,1383.5664004371279,0.05813463570054633,0.7091182970527228,14.4000244140625,-7.9000244140625,37.65432512219586,1
2025-09-11,1383.300048828125,1385.5,1375.0,1376.0,9766072,1374.5571463448662,1383.690894717262,0.45751988584785686,0.6531143005448222,10.5,-2.5999755859375,35.21026886781782,1
2025-09-12,1395.0,1396.300048828125,1380.5,1383.300048828125,7403368,1377.7571498325892,1384.6476178850446,0.8457999536533478,0.6966165078192734,15.800048828125,37.800048828125,44.7947355797628,1
2025-09-15,1399.300048828125,1400.800048828125,1388.5999755859375,1393.0,5396697,1383.471435546875,1385.7047642299108,0.30824722782258895,0.4542463623971656,12.2000732421875,45.4000244140625,45.156615494313904,1
2025-09-16,1405.300048828125,1408.0,1398.199951171875,1404.699951171875,8686961,1387.800013950893,1387.2047642299108,0.4287858065198158,0.3206291277633837,9.800048828125,38.800048828125,58.82354183496217,1
2025-09-17,1413.800048828125,1416.199951171875,1406.9000244140625,1407.0,7519417,1392.8428780691963,1388.7333403087798,0.6048530352708692,0.33702892994785766,9.2999267578125,41.2000732421875,61.33226236693491,1
2025-09-18,1415.0,1422.0,1410.699951171875,1420.4000244140625,9332642,1398.3857421875,1388.4904843284971,0.08487417813216602,0.2797065322075233,11.300048828125,55.699951171875,80.23019738135795,0
2025-09-19,1407.4000244140625,1417.0,1403.5999755859375,1414.9000244140625,13461373,1402.7286028180804,1388.2238188244048,-0.5371007481227874,0.44311041455609046,13.4000244140625,32.4000244140625,76.77680295217381,0
2025-09-22,1390.5999755859375,1410.699951171875,1388.0,1403.9000244140625,7757970,1403.771449497768,1386.5952439081102,-1.1936939417859782,0.7116593827416102,22.699951171875,12.0999755859375,61.57539924975404,0
2025-09-23,1389.800048828125,1395.0,1376.800048828125,1391.0,14014702,1403.028599330357,1385.6714390345983,-0.05752385818038608,0.625824917121154,18.199951171875,13.60009765625,58.70449695997747,0
2025-09-24,1383.0,1396.0,1380.4000244140625,1385.300048828125,5922759,1400.7000209263392,1384.2619163876489,-0.48928252908457814,0.6219687116633452,15.5999755859375,6.0,62.83853663826737,0
2025-09-25,1372.4000244140625,1384.5,1369.0,1381.300048828125,11411143,1396.0000174386162,1383.6666782924108,-0.7664479816296144,0.5950839025584076,15.5,-10.9000244140625,48.509189562997044,1
2025-09-26,1377.5999755859375,1382.699951171875,1366.0,1372.0,9879109,1390.828578404018,1383.2714378720239,0.3788947157804978,0.5390076297614617,16.699951171875,-17.4000244140625,49.49379968116177,0
2025-09-29,1372.800048828125,1389.0,1368.0,1381.5999755859375,14231999,1384.800013950893,1384.0142996651787,-0.3484267452727674,0.5018486111149107,21.0,-26.5,48.14009519891873,0
2025-09-30,1364.0,1377.0999755859375,1362.800048828125,1377.0999755859375,14604684,1378.6000104631696,1384.4952508835565,-0.641029175052632,0.5070380590986108,14.2999267578125,-41.300048828125,43.460758162999646,1
2025-10-01,1368.699951171875,1378.5999755859375,1362.699951171875,1367.0,12045916,1375.471435546875,1384.6000104631696,0.34457120028408283,0.4597955111466981,15.9000244140625,-45.10009765625,42.53572248794273,0
2025-10-03,1363.4000244140625,1371.5999755859375,1356.9000244140625,1363.199951171875,12842347,1371.7000034877233,1384.1619175502233,-0.3872234198061264,0.456583509001717,14.699951171875,-51.5999755859375,32.71331971947801,1
2025-10-06,1375.0,1377.4000244140625,1359.0,1360.0,12396580,1370.5571463448662,1384.9095342726935,0.8508123352075403,0.6068565447007256,18.4000244140625,-32.4000244140625,37.6899083294993,1
2025-10-07,1384.800048828125,1395.9000244140625,1375.9000244140625,1376.0,11244040,1372.328578404018,1385.3762032645088,0.7127308238636276,0.58566674327089,20.0,-5.7999267578125,39.99997618134571,0
2025-10-08,1367.4000244140625,1389.0,1364.5,1384.800048828125,8525081,1370.8714425223213,1384.847632998512,-1.2565008521473686,0.7677401051486322,24.5,-22.4000244140625,29.17409518215797,1
2025-10-09,1377.800048828125,1380.0,1369.0999755859375,1374.0,8826633,1371.585728236607,1384.923828125,0.760569272222944,0.8213463616424602,10.9000244140625,-5.199951171875,34.577115938596336,1
2025-10-10,1381.699951171875,1388.0,1375.0999755859375,1377.800048828125,6373084,1374.114292689732,1385.1476353236608,0.2830528527754783,0.763053445689566,12.9000244140625,9.2999267578125,39.007646899731945,0
2025-10-13,1375.0,1377.699951171875,1367.800048828125,1376.9000244140625,7600682,1375.0142996651787,1384.7523949032739,-0.484906376828953,0.7980819012645551,9.89990234375,-2.5999755859375,42.696618939471,1
2025-10-14,1375.9000244140625,1388.0,1370.0999755859375,1380.0,9768174,1376.800013950893,1383.8428722563244,0.06545632102272769,0.7729580063438831,17.9000244140625,3.0999755859375,43.49857203704824,0
2025-10-15,1374.300048828125,1384.0,1372.699951171875,1383.0,10882743,1376.7000209263392,1382.6523960658483,-0.11628574442528183,0.7068853400725822,11.300048828125,10.300048828125,45.72272554865783,1
2025-10-16,1398.300048828125,1400.5,1375.0,1375.0999755859375,12315932,1378.6285923549108,1382.3190627325148,1.7463435310553166,0.9484923765541761,25.5,29.60009765625,61.251122869199925,1
2025-10-17,1416.800048828125,1423.300048828125,1399.0999755859375,1401.0,19335561,1385.6857386997767,1382.4619198753721,1.3230350678671732,0.8045231912080792,24.2000732421875,53.4000244140625,65.26485215111265,1
2025-10-20,1466.800048828125,1473.800048828125,1433.300048828125,1440.0,24721978,1398.4000244140625,1384.9285888671875,3.5290794944111026,1.4044515544581135,40.5,91.800048828125,77.07375556383735,0
2025-10-21,1465.199951171875,1474.0,1460.0,1468.0,2066169,1410.3285958426338,1387.6809663318452,-0.10908764678105864,1.4408157425826411,14.0,80.39990234375,80.40865702036756,0
2025-10-23,1448.4000244140625,1482.9000244140625,1444.5999755859375,1475.0,18707090,1420.8143136160713,1390.433349609375,-1.1465961860274265,1.5598216156441878,38.300048828125,81.0,72.32496575532168,1
2025-10-24,1451.5999755859375,1459.800048828125,1441.0,1450.0,9700837,1431.6285923549108,1393.3762032645088,0.22093006889927214,1.5494224402224388,18.800048828125,73.7999267578125,75.0,1
2025-10-27,1484.0999755859375,1485.0,1458.0,1463.0,14113867,1447.3142961774554,1398.1904878162202,2.2389088279559433,1.578258122427793,27.0,102.4000244140625,77.64825547042872,1
2025-10-28,1486.9000244140625,1492.0,1477.5999755859375,1484.0999755859375,17631577,1459.971435546875,1403.6428687686011,0.18866982509178065,1.5841507623911188,14.4000244140625,111.9000244140625,76.82606801942606,1
2025-10-29,1504.199951171875,1508.300048828125,1488.0999755859375,1490.0,11884745,1472.4571358816963,1409.6714390345983,1.1634895738622308,1.5780538444707863,20.2000732421875,128.2999267578125,85.96215816912337,0
2025-10-30,1488.5,1503.0999755859375,1484.0,1500.0,9318663,1475.55712890625,1415.1809605189733,-1.043740970716267,1.1930329328663392,19.0999755859375,114.199951171875,78.31204332845884,0
2025-10-31,1486.4000244140625,1497.5,1482.300048828125,1490.4000244140625,8758053,1478.5857107979912,1421.009533110119,-0.14107998561890822,1.194546541432275,15.199951171875,88.0999755859375,77.02637212635076,0
2025-11-03,1484.699951171875,1495.0,1479.300048828125,1486.0,8452085,1483.7714146205358,1426.5333426339287,-0.11437521624487745,1.054449513801862,15.699951171875,67.89990234375,79.06729718015563,0
2025-11-04,1473.0999755859375,1492.800048828125,1470.0999755859375,1483.9000244140625,10007806,1486.8428431919642,1431.7571498325892,-0.7813010013761779,1.1408223470993115,22.7000732421875,6.2999267578125,74.37311905105896,1
2025-11-06,1496.0999755859375,1501.5999755859375,1476.199951171875,1484.0,16772678,1488.55712890625,1437.5238153366815,1.561333268697629,0.9540048620562841,25.4000244140625,30.9000244140625,77.58151430263165,0
2025-11-07,1478.0,1498.4000244140625,1475.9000244140625,1494.5999755859375,7821765,1487.2856968470983,1441.9619082496279,-1.209810566225611,1.075658016469236,22.5,29.5999755859375,68.54350567465322,1
2025-11-10,1489.300048828125,1501.0,1475.5,1477.9000244140625,7068438,1485.1571393694196,1447.7666713169642,0.7645499883710993,1.0071310801811273,25.5,37.7000732421875,67.45306139720878,1
2025-11-11,1493.4000244140625,1498.800048828125,1480.199951171875,1497.0,7127506,1485.857142857143,1453.2714320591517,0.2752954711284339,0.9298010303242172,18.60009765625,9.300048828125,58.220020898326254,1
2025-11-12,1511.5,1524.699951171875,1500.0,1505.0,12384459,1489.4428536551338,1459.4523867652529,1.2119978096986506,1.0196060092886805,24.699951171875,24.5999755859375,62.98376319291923,0
2025-11-13,1510.9000244140625,1522.0999755859375,1506.800048828125,1515.0,7196443,1493.1857212611608,1465.923816499256,-0.03969405133559256,1.0156145816126387,15.2999267578125,6.7000732421875,69.27824074004347,1
2025-11-14,1518.9000244140625,1520.9000244140625,1505.5,1505.5,7682823,1499.7285853794642,1472.7333403087798,0.5294857284221965,0.9079090855180671,15.4000244140625,30.4000244140625,70.16179994207326,0
2025-11-17,1518.300048828125,1523.699951171875,1511.5,1520.9000244140625,5871416,1502.9000244140625,1479.5904831659227,-0.039500663394154145,0.7700918214854747,12.199951171875,31.9000244140625,62.66670524694847,1
2025-11-18,1519.4000244140625,1527.800048828125,1510.5,1521.699951171875,11045042,1508.8143136160713,1485.3571486700148,0.07244783972617519,0.4687296172400316,17.300048828125,34.7000732421875,62.19056549864834,0
2025-11-19,1518.9000244140625,1522.300048828125,1512.0,1517.4000244140625,5692366,1513.0428815569196,1490.2190522693452,-0.03290772620546667,0.4611791754279273,10.300048828125,45.800048828125,56.3090509206626,1
2025-11-20,1549.0999755859375,1550.9000244140625,1526.699951171875,1530.0,18171724,1521.0000174386162,1494.1380964006696,1.9882777461620593,0.792332015037623,24.2000732421875,53.0,73.1297832271507,0
2025-11-21,1546.5999755859375,1557.800048828125,1540.0999755859375,1541.0,9615271,1526.0142996651787,1498.0142880394346,-0.16138403197988316,0.764021270481529,17.7000732421875,68.5999755859375,72.9071521736707,0
2025-11-24,1535.9000244140625,1550.0,1531.800048828125,1550.0,18433951,1529.585728236607,1502.1809547061011,-0.6918370193185419,0.8515031269129576,18.199951171875,46.5999755859375,68.2336728527894,1
2025-11-25,1539.699951171875,1559.5999755859375,1525.0999755859375,1535.9000244140625,15033482,1532.5571463448662,1506.3761916387648,0.2474071682668333,0.8420202710808167,34.5,46.2999267578125,75.11316382771295,1
2025-11-26,1569.9000244140625,1571.5999755859375,1540.5,1542.300048828125,14054299,1539.9285714285713,1510.4619082496279,1.9614258751649682,1.0596614208678163,31.0999755859375,58.4000244140625,76.39490412489958,0
2025-11-27,1563.4000244140625,1575.5,1556.0,1575.0,9794643,1546.2142857142858,1514.1047653924852,-0.4140391043325198,1.1060400719639196,19.5,52.5,83.30738621593906,1
2025-11-28,1567.5,1581.300048828125,1563.0,1568.0,8959508,1553.1571393694196,1517.1190534319196,0.26224737891213934,1.0917031122811125,18.300048828125,48.5999755859375,82.3140946097273,0
2025-12-01,1566.0999755859375,1577.5,1563.5999755859375,1575.0,8920233,1555.5857107979912,1520.8142903645833,-0.08931575209329967,0.8644669503971155,13.9000244140625,47.7999267578125,80.72699543499616,0
2025-12-02,1546.300048828125,1567.5,1542.0,1561.0999755859375,11389150,1555.5428641183037,1523.6666724795386,-1.2642824255459595,1.0192816434140917,25.5,26.9000244140625,64.50004984547903,0
2025-12-03,1538.800048828125,1552.4000244140625,1533.0,1545.199951171875,6090883,1555.9571533203125,1526.2428676060267,-0.4850287630582373,0.9986181383354471,19.4000244140625,19.9000244140625,60.992936455029664,0
2025-12-04,1535.5999755859375,1560.5,1517.5999755859375,1536.0,11867930,1555.3714425223213,1529.2190580822173,-0.20795900316122884,0.9970172061013837,42.9000244140625,-13.5,56.83864504789841,1
2025-12-05,1540.5999755859375,1545.800048828125,1520.5999755859375,1530.4000244140625,10183266,1551.1857212611608,1531.3381057012648,0.32560563164194534,0.5369774975759494,25.2000732421875,-6.0,58.81420880508971,1
2025-12-08,1543.0,1551.0,1535.0,1539.199951171875,11301491,1548.2714320591517,1534.4333437965029,0.15578504816928795,0.5539891933086525,16.0,7.0999755859375,59.23317257867474,0
2025-12-09,1529.4000244140625,1542.5,1520.0999755859375,1540.300048828125,11503971,1542.828578404018,1536.3428664434523,-0.8813982881359372,0.5681726571208086,22.4000244140625,-10.2999267578125,53.72604942421585,1
2025-12-10,1536.9000244140625,1547.5,1531.4000244140625,1534.0,7991629,1538.6571568080358,1538.414295014881,0.49038837977484206,0.6489279655271024,16.0999755859375,-33.0,44.83927402214617,1
2025-12-11,1545.0,1550.0,1524.0,1536.9000244140625,4706197,1538.471435546875,1540.009533110119,0.5270333435660968,0.5327725900406841,26.0,-18.4000244140625,49.35380592386476,1
2025-12-12,1556.5,1559.800048828125,1546.0999755859375,1550.800048828125,5106655,1541.0,1542.1809605189733,0.7443365695792847,0.5526456476994421,13.7000732421875,-11.0,58.26644447122285,0
2025-12-15,1556.199951171875,1558.5999755859375,1546.5,1551.199951171875,5774543,1543.9428536551338,1543.9571475074404,-0.0192771492531274,0.5357770410070777,12.0999755859375,-9.9000244140625,56.812546116534214,0
2025-12-16,1542.300048828125,1551.699951171875,1538.800048828125,1545.0,11731856,1544.1857212611608,1545.1000046502977,-0.8931951407197269,0.66700798787397,12.89990234375,-4.0,36.832063513880264,1
2025-12-17,1544.4000244140625,1550.0,1539.300048828125,1550.0,7116649,1544.3857247488838,1546.2904808407739,0.1361586928259051,0.6663715948798916,10.699951171875,5.5999755859375,40.537839402000785,0
2025-12-18,1544.4000244140625,1551.5,1535.199951171875,1535.199951171875,6580829,1546.5285818917412,1547.5047665550596,0.0,0.5401020651702305,16.300048828125,8.800048828125,38.006234083629,1
2025-12-19,1565.0999755859375,1574.199951171875,1551.0,1554.4000244140625,13937275,1550.5571463448662,1548.2666713169642,1.3403231575140895,0.7028210395924013,23.199951171875,24.5,49.56747350036009,1
2025-12-22,1575.4000244140625,1577.5,1565.300048828125,1573.5,10184852,1554.9000069754463,1549.6381022135417,0.6581080434985509,0.7127291867395623,12.199951171875,32.4000244140625,63.71346950139846,0
2025-12-23,1570.699951171875,1580.9000244140625,1568.0999755859375,1580.9000244140625,7506564,1556.9285714285713,1551.2952415829614,-0.29834157479688983,0.7086818206382153,12.800048828125,41.2999267578125,65.44041009933423,0
2025-12-24,1558.199951171875,1575.699951171875,1553.5999755859375,1572.699951171875,8815745,1557.2142857142858,1552.1761939639136,-0.795823542916263,0.7921653096644977,22.0999755859375,21.2999267578125,60.03551531353972,1
2025-12-26,1559.199951171875,1561.0,1554.300048828125,1554.699951171875,2311495,1559.6285574776787,1551.6666666666667,0.06417661605289116,0.6831625817361325,6.699951171875,14.199951171875,58.56352659638443,0
2025-12-29,1545.5999755859375,1558.0999755859375,1543.5999755859375,1554.9000244140625,5972105,1559.7999790736608,1550.8190452938989,-0.872240636982824,0.786926025484257,14.5,-10.9000244140625,51.08513237708134,0
2025-12-30,1539.800048828125,1553.5999755859375,1537.800048828125,1547.0,8815884,1559.1428397042412,1549.5,-0.3752540663449322,0.8006798010290291,15.7999267578125,-16.39990234375,54.642873102322284,0
